order,source,method,param,target,prerequisite,status
1,SPECIES_BULBASAUR,EVO_LEVEL,16,SPECIES_IVYSAUR,0,offline_capable
2,SPECIES_IVYSAUR,EVO_LEVEL,32,SPECIES_VENUSAUR,0,offline_capable
3,SPECIES_VENUSAUR,EVO_MEGA,ITEM_VENUSAURITE,SPECIES_VENUSAUR_MEGA,MEGA_VARIANT_STANDARD,transformation
4,SPECIES_VENUSAUR,EVO_GIGANTAMAX,TRUE,SPECIES_VENUSAUR_GIGA,0,transformation
5,SPECIES_CHARMANDER,EVO_LEVEL,16,SPECIES_CHARMELEON,0,offline_capable
6,SPECIES_CHARMELEON,EVO_LEVEL,36,SPECIES_CHARIZARD,0,offline_capable
7,SPECIES_CHARIZARD,EVO_MEGA,ITEM_CHARIZARDITE_X,SPECIES_CHARIZARD_MEGA_X,MEGA_VARIANT_STANDARD,transformation
8,SPECIES_CHARIZARD,EVO_MEGA,ITEM_CHARIZARDITE_Y,SPECIES_CHARIZARD_MEGA_Y,MEGA_VARIANT_STANDARD,transformation
9,SPECIES_CHARIZARD,EVO_GIGANTAMAX,TRUE,SPECIES_CHARIZARD_GIGA,0,transformation
10,SPECIES_SQUIRTLE,EVO_LEVEL,16,SPECIES_WARTORTLE,0,offline_capable
11,SPECIES_WARTORTLE,EVO_LEVEL,36,SPECIES_BLASTOISE,0,offline_capable
12,SPECIES_BLASTOISE,EVO_MEGA,ITEM_BLASTOISINITE,SPECIES_BLASTOISE_MEGA,MEGA_VARIANT_STANDARD,transformation
13,SPECIES_BLASTOISE,EVO_GIGANTAMAX,TRUE,SPECIES_BLASTOISE_GIGA,0,transformation
14,SPECIES_CATERPIE,EVO_LEVEL,7,SPECIES_METAPOD,0,offline_capable
15,SPECIES_METAPOD,EVO_LEVEL,10,SPECIES_BUTTERFREE,0,offline_capable
16,SPECIES_BUTTERFREE,EVO_GIGANTAMAX,TRUE,SPECIES_BUTTERFREE_GIGA,0,transformation
17,SPECIES_WEEDLE,EVO_LEVEL,7,SPECIES_KAKUNA,0,offline_capable
18,SPECIES_KAKUNA,EVO_LEVEL,10,SPECIES_BEEDRILL,0,offline_capable
19,SPECIES_BEEDRILL,EVO_MEGA,ITEM_BEEDRILLITE,SPECIES_BEEDRILL_MEGA,MEGA_VARIANT_STANDARD,transformation
20,SPECIES_PIDGEY,EVO_LEVEL,18,SPECIES_PIDGEOTTO,0,offline_capable
21,SPECIES_PIDGEOTTO,EVO_LEVEL,36,SPECIES_PIDGEOT,0,offline_capable
22,SPECIES_PIDGEOT,EVO_MEGA,ITEM_PIDGEOTITE,SPECIES_PIDGEOT_MEGA,MEGA_VARIANT_STANDARD,transformation
23,SPECIES_RATTATA,EVO_LEVEL,20,SPECIES_RATICATE,0,offline_capable
24,SPECIES_SPEAROW,EVO_LEVEL,20,SPECIES_FEAROW,0,offline_capable
25,SPECIES_EKANS,EVO_LEVEL,22,SPECIES_ARBOK,0,offline_capable
26,SPECIES_PIKACHU,EVO_ITEM,ITEM_THUNDER_STONE,SPECIES_RAICHU,0,offline_capable
27,SPECIES_PIKACHU,EVO_ITEM,ITEM_SHINY_STONE,SPECIES_RAICHU_A,0,offline_capable
28,SPECIES_PIKACHU,EVO_GIGANTAMAX,TRUE,SPECIES_PIKACHU_GIGA,0,transformation
29,SPECIES_PIKACHU_SURFING,EVO_GIGANTAMAX,TRUE,SPECIES_PIKACHU_GIGA,0,transformation
30,SPECIES_PIKACHU_FLYING,EVO_GIGANTAMAX,TRUE,SPECIES_PIKACHU_GIGA,0,transformation
31,SPECIES_PIKACHU_COSPLAY,EVO_GIGANTAMAX,TRUE,SPECIES_PIKACHU_GIGA,0,transformation
32,SPECIES_PIKACHU_LIBRE,EVO_GIGANTAMAX,TRUE,SPECIES_PIKACHU_GIGA,0,transformation
33,SPECIES_PIKACHU_POP_STAR,EVO_GIGANTAMAX,TRUE,SPECIES_PIKACHU_GIGA,0,transformation
34,SPECIES_PIKACHU_ROCK_STAR,EVO_GIGANTAMAX,TRUE,SPECIES_PIKACHU_GIGA,0,transformation
35,SPECIES_PIKACHU_BELLE,EVO_GIGANTAMAX,TRUE,SPECIES_PIKACHU_GIGA,0,transformation
36,SPECIES_PIKACHU_PHD,EVO_GIGANTAMAX,TRUE,SPECIES_PIKACHU_GIGA,0,transformation
37,SPECIES_PIKACHU_CAP_ORIGINAL,EVO_GIGANTAMAX,TRUE,SPECIES_PIKACHU_GIGA,0,transformation
38,SPECIES_PIKACHU_CAP_HOENN,EVO_GIGANTAMAX,TRUE,SPECIES_PIKACHU_GIGA,0,transformation
39,SPECIES_PIKACHU_CAP_SINNOH,EVO_GIGANTAMAX,TRUE,SPECIES_PIKACHU_GIGA,0,transformation
40,SPECIES_PIKACHU_CAP_UNOVA,EVO_GIGANTAMAX,TRUE,SPECIES_PIKACHU_GIGA,0,transformation
41,SPECIES_PIKACHU_CAP_KALOS,EVO_GIGANTAMAX,TRUE,SPECIES_PIKACHU_GIGA,0,transformation
42,SPECIES_PIKACHU_CAP_ALOLA,EVO_GIGANTAMAX,TRUE,SPECIES_PIKACHU_GIGA,0,transformation
43,SPECIES_PIKACHU_CAP_PARTNER,EVO_GIGANTAMAX,TRUE,SPECIES_PIKACHU_GIGA,0,transformation
44,SPECIES_SANDSHREW,EVO_LEVEL,22,SPECIES_SANDSLASH,0,offline_capable
45,SPECIES_NIDORAN_F,EVO_LEVEL,16,SPECIES_NIDORINA,0,offline_capable
46,SPECIES_NIDORINA,EVO_ITEM,ITEM_MOON_STONE,SPECIES_NIDOQUEEN,0,offline_capable
47,SPECIES_NIDORAN_M,EVO_LEVEL,16,SPECIES_NIDORINO,0,offline_capable
48,SPECIES_NIDORINO,EVO_ITEM,ITEM_MOON_STONE,SPECIES_NIDOKING,0,offline_capable
49,SPECIES_CLEFAIRY,EVO_ITEM,ITEM_MOON_STONE,SPECIES_CLEFABLE,0,offline_capable
50,SPECIES_VULPIX,EVO_ITEM,ITEM_FIRE_STONE,SPECIES_NINETALES,0,offline_capable
51,SPECIES_JIGGLYPUFF,EVO_ITEM,ITEM_MOON_STONE,SPECIES_WIGGLYTUFF,0,offline_capable
52,SPECIES_ZUBAT,EVO_LEVEL,22,SPECIES_GOLBAT,0,offline_capable
53,SPECIES_GOLBAT,EVO_FRIENDSHIP,0,SPECIES_CROBAT,0,offline_capable
54,SPECIES_ODDISH,EVO_LEVEL,21,SPECIES_GLOOM,0,offline_capable
55,SPECIES_GLOOM,EVO_ITEM,ITEM_LEAF_STONE,SPECIES_VILEPLUME,0,offline_capable
56,SPECIES_GLOOM,EVO_ITEM,ITEM_SUN_STONE,SPECIES_BELLOSSOM,0,offline_capable
57,SPECIES_PARAS,EVO_LEVEL,24,SPECIES_PARASECT,0,offline_capable
58,SPECIES_VENONAT,EVO_LEVEL,31,SPECIES_VENOMOTH,0,offline_capable
59,SPECIES_DIGLETT,EVO_LEVEL,26,SPECIES_DUGTRIO,0,offline_capable
60,SPECIES_MEOWTH,EVO_LEVEL,28,SPECIES_PERSIAN,0,offline_capable
61,SPECIES_MEOWTH,EVO_GIGANTAMAX,TRUE,SPECIES_MEOWTH_GIGA,0,transformation
62,SPECIES_PSYDUCK,EVO_LEVEL,33,SPECIES_GOLDUCK,0,offline_capable
63,SPECIES_MANKEY,EVO_LEVEL,28,SPECIES_PRIMEAPE,0,offline_capable
64,SPECIES_PRIMEAPE,EVO_MOVE,MOVE_RAGEFIST,SPECIES_ANNIHILAPE,0,offline_capable
65,SPECIES_GROWLITHE,EVO_ITEM,ITEM_FIRE_STONE,SPECIES_ARCANINE,0,offline_capable
66,SPECIES_POLIWAG,EVO_LEVEL,25,SPECIES_POLIWHIRL,0,offline_capable
67,SPECIES_POLIWHIRL,EVO_ITEM,ITEM_WATER_STONE,SPECIES_POLIWRATH,0,offline_capable
68,SPECIES_POLIWHIRL,EVO_TRADE_ITEM,ITEM_KINGS_ROCK,SPECIES_POLITOED,0,offline_capable
69,SPECIES_POLIWHIRL,EVO_ITEM,ITEM_KINGS_ROCK,SPECIES_POLITOED,0,offline_capable
70,SPECIES_ABRA,EVO_LEVEL,16,SPECIES_KADABRA,0,offline_capable
71,SPECIES_KADABRA,EVO_TRADE,0,SPECIES_ALAKAZAM,0,offline_capable
72,SPECIES_KADABRA,EVO_ITEM,ITEM_LINK_CABLE,SPECIES_ALAKAZAM,0,offline_capable
73,SPECIES_ALAKAZAM,EVO_MEGA,ITEM_ALAKAZITE,SPECIES_ALAKAZAM_MEGA,MEGA_VARIANT_STANDARD,transformation
74,SPECIES_MACHOP,EVO_LEVEL,28,SPECIES_MACHOKE,0,offline_capable
75,SPECIES_MACHOKE,EVO_TRADE,0,SPECIES_MACHAMP,0,offline_capable
76,SPECIES_MACHOKE,EVO_ITEM,ITEM_LINK_CABLE,SPECIES_MACHAMP,0,offline_capable
77,SPECIES_MACHAMP,EVO_GIGANTAMAX,TRUE,SPECIES_MACHAMP_GIGA,0,transformation
78,SPECIES_BELLSPROUT,EVO_LEVEL,21,SPECIES_WEEPINBELL,0,offline_capable
79,SPECIES_WEEPINBELL,EVO_ITEM,ITEM_LEAF_STONE,SPECIES_VICTREEBEL,0,offline_capable
80,SPECIES_TENTACOOL,EVO_LEVEL,30,SPECIES_TENTACRUEL,0,offline_capable
81,SPECIES_GEODUDE,EVO_LEVEL,25,SPECIES_GRAVELER,0,offline_capable
82,SPECIES_GRAVELER,EVO_ITEM,ITEM_LINK_CABLE,SPECIES_GOLEM,0,offline_capable
83,SPECIES_GRAVELER,EVO_TRADE,0,SPECIES_GOLEM,0,offline_capable
84,SPECIES_PONYTA,EVO_LEVEL,40,SPECIES_RAPIDASH,0,offline_capable
85,SPECIES_SLOWPOKE,EVO_LEVEL,37,SPECIES_SLOWBRO,0,offline_capable
86,SPECIES_SLOWPOKE,EVO_TRADE_ITEM,ITEM_KINGS_ROCK,SPECIES_SLOWKING,0,offline_capable
87,SPECIES_SLOWPOKE,EVO_ITEM,ITEM_KINGS_ROCK,SPECIES_SLOWKING,0,offline_capable
88,SPECIES_SLOWBRO,EVO_MEGA,ITEM_SLOWBRONITE,SPECIES_SLOWBRO_MEGA,MEGA_VARIANT_STANDARD,transformation
89,SPECIES_MAGNEMITE,EVO_LEVEL,30,SPECIES_MAGNETON,0,offline_capable
90,SPECIES_MAGNETON,EVO_MAP,MAPSEC_THUNDERCAP_MOUNTAIN,SPECIES_MAGNEZONE,0,offline_capable
91,SPECIES_MAGNETON,EVO_ITEM,ITEM_THUNDER_STONE,SPECIES_MAGNEZONE,0,offline_capable
92,SPECIES_DODUO,EVO_LEVEL,31,SPECIES_DODRIO,0,offline_capable
93,SPECIES_SEEL,EVO_LEVEL,34,SPECIES_DEWGONG,0,offline_capable
94,SPECIES_GRIMER,EVO_LEVEL,38,SPECIES_MUK,0,offline_capable
95,SPECIES_SHELLDER,EVO_ITEM,ITEM_WATER_STONE,SPECIES_CLOYSTER,0,offline_capable
96,SPECIES_GASTLY,EVO_LEVEL,25,SPECIES_HAUNTER,0,offline_capable
97,SPECIES_HAUNTER,EVO_TRADE,0,SPECIES_GENGAR,0,offline_capable
98,SPECIES_HAUNTER,EVO_ITEM,ITEM_LINK_CABLE,SPECIES_GENGAR,0,offline_capable
99,SPECIES_GENGAR,EVO_MEGA,ITEM_GENGARITE,SPECIES_GENGAR_MEGA,MEGA_VARIANT_STANDARD,transformation
100,SPECIES_GENGAR,EVO_GIGANTAMAX,TRUE,SPECIES_GENGAR_GIGA,0,transformation
101,SPECIES_ONIX,EVO_TRADE_ITEM,ITEM_METAL_COAT,SPECIES_STEELIX,0,offline_capable
102,SPECIES_ONIX,EVO_ITEM,ITEM_METAL_COAT,SPECIES_STEELIX,0,offline_capable
103,SPECIES_DROWZEE,EVO_LEVEL,26,SPECIES_HYPNO,0,offline_capable
104,SPECIES_KRABBY,EVO_LEVEL,28,SPECIES_KINGLER,0,offline_capable
105,SPECIES_KINGLER,EVO_GIGANTAMAX,TRUE,SPECIES_KINGLER_GIGA,0,transformation
106,SPECIES_VOLTORB,EVO_LEVEL,30,SPECIES_ELECTRODE,0,offline_capable
107,SPECIES_EXEGGCUTE,EVO_ITEM,ITEM_LEAF_STONE,SPECIES_EXEGGUTOR,0,offline_capable
108,SPECIES_CUBONE,EVO_LEVEL_DAY,28,SPECIES_MAROWAK,0,offline_capable
109,SPECIES_CUBONE,EVO_LEVEL_NIGHT,28,SPECIES_MAROWAK_A,0,offline_capable
110,SPECIES_LICKITUNG,EVO_MOVE,MOVE_ROLLOUT,SPECIES_LICKILICKY,0,offline_capable
111,SPECIES_KOFFING,EVO_LEVEL,35,SPECIES_WEEZING,0,offline_capable
112,SPECIES_RHYHORN,EVO_LEVEL,42,SPECIES_RHYDON,0,offline_capable
113,SPECIES_RHYDON,EVO_ITEM,ITEM_PROTECTOR,SPECIES_RHYPERIOR,0,offline_capable
114,SPECIES_RHYDON,EVO_TRADE_ITEM,ITEM_PROTECTOR,SPECIES_RHYPERIOR,0,offline_capable
115,SPECIES_CHANSEY,EVO_FRIENDSHIP,0,SPECIES_BLISSEY,0,offline_capable
116,SPECIES_TANGELA,EVO_MOVE,MOVE_ANCIENTPOWER,SPECIES_TANGROWTH,0,offline_capable
117,SPECIES_KANGASKHAN,EVO_MEGA,ITEM_KANGASKHANITE,SPECIES_KANGASKHAN_MEGA,MEGA_VARIANT_STANDARD,transformation
118,SPECIES_HORSEA,EVO_LEVEL,32,SPECIES_SEADRA,0,offline_capable
119,SPECIES_SEADRA,EVO_TRADE_ITEM,ITEM_DRAGON_SCALE,SPECIES_KINGDRA,0,offline_capable
120,SPECIES_SEADRA,EVO_ITEM,ITEM_DRAGON_SCALE,SPECIES_KINGDRA,0,offline_capable
121,SPECIES_GOLDEEN,EVO_LEVEL,33,SPECIES_SEAKING,0,offline_capable
122,SPECIES_STARYU,EVO_ITEM,ITEM_WATER_STONE,SPECIES_STARMIE,0,offline_capable
123,SPECIES_SCYTHER,EVO_TRADE_ITEM,ITEM_METAL_COAT,SPECIES_SCIZOR,0,offline_capable
124,SPECIES_SCYTHER,EVO_ITEM,ITEM_METAL_COAT,SPECIES_SCIZOR,0,offline_capable
125,SPECIES_SCYTHER,EVO_TRADE_ITEM,ITEM_BLACK_AUGURITE,SPECIES_KLEAVOR,0,offline_capable
126,SPECIES_SCYTHER,EVO_ITEM,ITEM_BLACK_AUGURITE,SPECIES_KLEAVOR,0,offline_capable
127,SPECIES_ELECTABUZZ,EVO_ITEM,ITEM_ELECTIRIZER,SPECIES_ELECTIVIRE,0,offline_capable
128,SPECIES_ELECTABUZZ,EVO_TRADE_ITEM,ITEM_ELECTIRIZER,SPECIES_ELECTIVIRE,0,offline_capable
129,SPECIES_MAGMAR,EVO_TRADE_ITEM,ITEM_MAGMARIZER,SPECIES_MAGMORTAR,0,offline_capable
130,SPECIES_MAGMAR,EVO_ITEM,ITEM_MAGMARIZER,SPECIES_MAGMORTAR,0,offline_capable
131,SPECIES_PINSIR,EVO_MEGA,ITEM_PINSIRITE,SPECIES_PINSIR_MEGA,MEGA_VARIANT_STANDARD,transformation
132,SPECIES_MAGIKARP,EVO_LEVEL,20,SPECIES_GYARADOS,0,offline_capable
133,SPECIES_GYARADOS,EVO_MEGA,ITEM_GYARADOSITE,SPECIES_GYARADOS_MEGA,MEGA_VARIANT_STANDARD,transformation
134,SPECIES_LAPRAS,EVO_GIGANTAMAX,TRUE,SPECIES_LAPRAS_GIGA,0,transformation
135,SPECIES_EEVEE,EVO_FRIENDSHIP_DAY,0,SPECIES_ESPEON,0,offline_capable
136,SPECIES_EEVEE,EVO_FRIENDSHIP_NIGHT,0,SPECIES_UMBREON,0,offline_capable
137,SPECIES_EEVEE,EVO_MOVE_TYPE,TYPE_FAIRY,SPECIES_SYLVEON,TRUE,offline_capable
138,SPECIES_EEVEE,EVO_ITEM,ITEM_FIRE_STONE,SPECIES_FLAREON,0,offline_capable
139,SPECIES_EEVEE,EVO_ITEM,ITEM_THUNDER_STONE,SPECIES_JOLTEON,0,offline_capable
140,SPECIES_EEVEE,EVO_ITEM,ITEM_WATER_STONE,SPECIES_VAPOREON,0,offline_capable
141,SPECIES_EEVEE,EVO_ITEM,ITEM_LEAF_STONE,SPECIES_LEAFEON,0,offline_capable
142,SPECIES_EEVEE,EVO_ITEM,ITEM_ICE_STONE,SPECIES_GLACEON,0,offline_capable
143,SPECIES_EEVEE,EVO_GIGANTAMAX,TRUE,SPECIES_EEVEE_GIGA,0,transformation
144,SPECIES_PORYGON,EVO_ITEM,ITEM_UP_GRADE,SPECIES_PORYGON2,0,offline_capable
145,SPECIES_PORYGON,EVO_TRADE_ITEM,ITEM_UP_GRADE,SPECIES_PORYGON2,0,offline_capable
146,SPECIES_OMANYTE,EVO_LEVEL,40,SPECIES_OMASTAR,0,offline_capable
147,SPECIES_KABUTO,EVO_LEVEL,40,SPECIES_KABUTOPS,0,offline_capable
148,SPECIES_AERODACTYL,EVO_MEGA,ITEM_AERODACTYLITE,SPECIES_AERODACTYL_MEGA,MEGA_VARIANT_STANDARD,transformation
149,SPECIES_SNORLAX,EVO_GIGANTAMAX,TRUE,SPECIES_SNORLAX_GIGA,0,transformation
150,SPECIES_DRATINI,EVO_LEVEL,30,SPECIES_DRAGONAIR,0,offline_capable
151,SPECIES_DRAGONAIR,EVO_LEVEL,55,SPECIES_DRAGONITE,0,offline_capable
152,SPECIES_MEWTWO,EVO_MEGA,ITEM_MEWTWONITE_X,SPECIES_MEWTWO_MEGA_X,MEGA_VARIANT_STANDARD,transformation
153,SPECIES_MEWTWO,EVO_MEGA,ITEM_MEWTWONITE_Y,SPECIES_MEWTWO_MEGA_Y,MEGA_VARIANT_STANDARD,transformation
154,SPECIES_CHIKORITA,EVO_LEVEL,16,SPECIES_BAYLEEF,0,offline_capable
155,SPECIES_BAYLEEF,EVO_LEVEL,32,SPECIES_MEGANIUM,0,offline_capable
156,SPECIES_CYNDAQUIL,EVO_LEVEL,14,SPECIES_QUILAVA,0,offline_capable
157,SPECIES_QUILAVA,EVO_LEVEL,36,SPECIES_TYPHLOSION,0,offline_capable
158,SPECIES_QUILAVA,EVO_LEVEL_HOLD_ITEM,36,SPECIES_TYPHLOSION_H,ITEM_HISUI_ROCK,offline_capable
159,SPECIES_TOTODILE,EVO_LEVEL,18,SPECIES_CROCONAW,0,offline_capable
160,SPECIES_CROCONAW,EVO_LEVEL,30,SPECIES_FERALIGATR,0,offline_capable
161,SPECIES_SENTRET,EVO_LEVEL,15,SPECIES_FURRET,0,offline_capable
162,SPECIES_HOOTHOOT,EVO_LEVEL,20,SPECIES_NOCTOWL,0,offline_capable
163,SPECIES_LEDYBA,EVO_LEVEL,18,SPECIES_LEDIAN,0,offline_capable
164,SPECIES_SPINARAK,EVO_LEVEL,22,SPECIES_ARIADOS,0,offline_capable
165,SPECIES_CHINCHOU,EVO_LEVEL,27,SPECIES_LANTURN,0,offline_capable
166,SPECIES_PICHU,EVO_FRIENDSHIP,0,SPECIES_PIKACHU,0,offline_capable
167,SPECIES_CLEFFA,EVO_FRIENDSHIP,0,SPECIES_CLEFAIRY,0,offline_capable
168,SPECIES_IGGLYBUFF,EVO_FRIENDSHIP,0,SPECIES_JIGGLYPUFF,0,offline_capable
169,SPECIES_TOGEPI,EVO_FRIENDSHIP,0,SPECIES_TOGETIC,0,offline_capable
170,SPECIES_TOGETIC,EVO_ITEM,ITEM_SHINY_STONE,SPECIES_TOGEKISS,0,offline_capable
171,SPECIES_NATU,EVO_LEVEL,25,SPECIES_XATU,0,offline_capable
172,SPECIES_MAREEP,EVO_LEVEL,15,SPECIES_FLAAFFY,0,offline_capable
173,SPECIES_FLAAFFY,EVO_LEVEL,30,SPECIES_AMPHAROS,0,offline_capable
174,SPECIES_AMPHAROS,EVO_MEGA,ITEM_AMPHAROSITE,SPECIES_AMPHAROS_MEGA,MEGA_VARIANT_STANDARD,transformation
175,SPECIES_MARILL,EVO_LEVEL,18,SPECIES_AZUMARILL,0,offline_capable
176,SPECIES_HOPPIP,EVO_LEVEL,18,SPECIES_SKIPLOOM,0,offline_capable
177,SPECIES_SKIPLOOM,EVO_LEVEL,27,SPECIES_JUMPLUFF,0,offline_capable
178,SPECIES_AIPOM,EVO_MOVE,MOVE_DOUBLEHIT,SPECIES_AMBIPOM,0,offline_capable
179,SPECIES_SUNKERN,EVO_ITEM,ITEM_SUN_STONE,SPECIES_SUNFLORA,0,offline_capable
180,SPECIES_YANMA,EVO_MOVE,MOVE_ANCIENTPOWER,SPECIES_YANMEGA,0,offline_capable
181,SPECIES_WOOPER,EVO_LEVEL,20,SPECIES_QUAGSIRE,0,offline_capable
182,SPECIES_MURKROW,EVO_ITEM,ITEM_DUSK_STONE,SPECIES_HONCHKROW,0,offline_capable
183,SPECIES_MISDREAVUS,EVO_ITEM,ITEM_DUSK_STONE,SPECIES_MISMAGIUS,0,offline_capable
184,SPECIES_GIRAFARIG,EVO_MOVE,MOVE_TWINBEAM,SPECIES_FARIGIRAF,0,offline_capable
185,SPECIES_PINECO,EVO_LEVEL,31,SPECIES_FORRETRESS,0,offline_capable
186,SPECIES_DUNSPARCE,EVO_MOVE,MOVE_HYPERDRILL,SPECIES_DUDUNSPARCE,0,offline_capable
187,SPECIES_DUNSPARCE,EVO_MOVE,MOVE_HYPERDRILL,SPECIES_DUDUNSPARCE_THREE,100,offline_capable
188,SPECIES_GLIGAR,EVO_HOLD_ITEM_NIGHT,ITEM_RAZOR_FANG,SPECIES_GLISCOR,0,offline_capable
189,SPECIES_STEELIX,EVO_MEGA,ITEM_STEELIXITE,SPECIES_STEELIX_MEGA,MEGA_VARIANT_STANDARD,transformation
190,SPECIES_SNUBBULL,EVO_LEVEL,23,SPECIES_GRANBULL,0,offline_capable
191,SPECIES_SCIZOR,EVO_MEGA,ITEM_SCIZORITE,SPECIES_SCIZOR_MEGA,MEGA_VARIANT_STANDARD,transformation
192,SPECIES_HERACROSS,EVO_MEGA,ITEM_HERACRONITE,SPECIES_HERACROSS_MEGA,MEGA_VARIANT_STANDARD,transformation
193,SPECIES_SNEASEL,EVO_HOLD_ITEM_NIGHT,ITEM_RAZOR_CLAW,SPECIES_WEAVILE,0,offline_capable
194,SPECIES_TEDDIURSA,EVO_LEVEL,30,SPECIES_URSARING,0,offline_capable
195,SPECIES_URSARING,EVO_ITEM_NIGHT,ITEM_PEAT_BLOCK,SPECIES_URSALUNA,0,offline_capable
196,SPECIES_SLUGMA,EVO_LEVEL,30,SPECIES_MAGCARGO,0,offline_capable
197,SPECIES_SWINUB,EVO_LEVEL,33,SPECIES_PILOSWINE,0,offline_capable
198,SPECIES_PILOSWINE,EVO_MOVE,MOVE_ANCIENTPOWER,SPECIES_MAMOSWINE,0,offline_capable
199,SPECIES_REMORAID,EVO_LEVEL,25,SPECIES_OCTILLERY,0,offline_capable
200,SPECIES_HOUNDOUR,EVO_LEVEL,24,SPECIES_HOUNDOOM,0,offline_capable
201,SPECIES_HOUNDOOM,EVO_MEGA,ITEM_HOUNDOOMINITE,SPECIES_HOUNDOOM_MEGA,MEGA_VARIANT_STANDARD,transformation
202,SPECIES_PHANPY,EVO_LEVEL,25,SPECIES_DONPHAN,0,offline_capable
203,SPECIES_PORYGON2,EVO_TRADE_ITEM,ITEM_DUBIOUS_DISC,SPECIES_PORYGON_Z,0,offline_capable
204,SPECIES_PORYGON2,EVO_ITEM,ITEM_DUBIOUS_DISC,SPECIES_PORYGON_Z,0,offline_capable
205,SPECIES_STANTLER,EVO_MOVE,MOVE_PSYSHIELDBASH,SPECIES_WYRDEER,0,offline_capable
206,SPECIES_TYROGUE,EVO_LEVEL_ATK_GT_DEF,20,SPECIES_HITMONLEE,0,offline_capable
207,SPECIES_TYROGUE,EVO_LEVEL_ATK_EQ_DEF,20,SPECIES_HITMONTOP,0,offline_capable
208,SPECIES_TYROGUE,EVO_LEVEL_ATK_LT_DEF,20,SPECIES_HITMONCHAN,0,offline_capable
209,SPECIES_SMOOCHUM,EVO_LEVEL,30,SPECIES_JYNX,0,offline_capable
210,SPECIES_ELEKID,EVO_LEVEL,30,SPECIES_ELECTABUZZ,0,offline_capable
211,SPECIES_MAGBY,EVO_LEVEL,30,SPECIES_MAGMAR,0,offline_capable
212,SPECIES_LARVITAR,EVO_LEVEL,30,SPECIES_PUPITAR,0,offline_capable
213,SPECIES_PUPITAR,EVO_LEVEL,48,SPECIES_TYRANITAR,0,offline_capable
214,SPECIES_TYRANITAR,EVO_MEGA,ITEM_TYRANITARITE,SPECIES_TYRANITAR_MEGA,MEGA_VARIANT_STANDARD,transformation
215,SPECIES_TREECKO,EVO_LEVEL,16,SPECIES_GROVYLE,0,offline_capable
216,SPECIES_GROVYLE,EVO_LEVEL,36,SPECIES_SCEPTILE,0,offline_capable
217,SPECIES_SCEPTILE,EVO_MEGA,ITEM_SCEPTILITE,SPECIES_SCEPTILE_MEGA,MEGA_VARIANT_STANDARD,transformation
218,SPECIES_TORCHIC,EVO_LEVEL,16,SPECIES_COMBUSKEN,0,offline_capable
219,SPECIES_COMBUSKEN,EVO_LEVEL,36,SPECIES_BLAZIKEN,0,offline_capable
220,SPECIES_BLAZIKEN,EVO_MEGA,ITEM_BLAZIKENITE,SPECIES_BLAZIKEN_MEGA,MEGA_VARIANT_STANDARD,transformation
221,SPECIES_MUDKIP,EVO_LEVEL,16,SPECIES_MARSHTOMP,0,offline_capable
222,SPECIES_MARSHTOMP,EVO_LEVEL,36,SPECIES_SWAMPERT,0,offline_capable
223,SPECIES_SWAMPERT,EVO_MEGA,ITEM_SWAMPERTITE,SPECIES_SWAMPERT_MEGA,MEGA_VARIANT_STANDARD,transformation
224,SPECIES_POOCHYENA,EVO_LEVEL,18,SPECIES_MIGHTYENA,0,offline_capable
225,SPECIES_ZIGZAGOON,EVO_LEVEL,20,SPECIES_LINOONE,0,offline_capable
226,SPECIES_WURMPLE,EVO_LEVEL_SILCOON,7,SPECIES_SILCOON,0,offline_capable
227,SPECIES_WURMPLE,EVO_LEVEL_CASCOON,7,SPECIES_CASCOON,0,offline_capable
228,SPECIES_SILCOON,EVO_LEVEL,10,SPECIES_BEAUTIFLY,0,offline_capable
229,SPECIES_CASCOON,EVO_LEVEL,10,SPECIES_DUSTOX,0,offline_capable
230,SPECIES_LOTAD,EVO_LEVEL,14,SPECIES_LOMBRE,0,offline_capable
231,SPECIES_LOMBRE,EVO_ITEM,ITEM_WATER_STONE,SPECIES_LUDICOLO,0,offline_capable
232,SPECIES_SEEDOT,EVO_LEVEL,14,SPECIES_NUZLEAF,0,offline_capable
233,SPECIES_NUZLEAF,EVO_ITEM,ITEM_LEAF_STONE,SPECIES_SHIFTRY,0,offline_capable
234,SPECIES_NINCADA,EVO_LEVEL_NINJASK,20,SPECIES_NINJASK,0,offline_capable
235,SPECIES_NINCADA,EVO_LEVEL_SHEDINJA,20,SPECIES_SHEDINJA,0,offline_capable
236,SPECIES_TAILLOW,EVO_LEVEL,22,SPECIES_SWELLOW,0,offline_capable
237,SPECIES_SHROOMISH,EVO_LEVEL,23,SPECIES_BRELOOM,0,offline_capable
238,SPECIES_WINGULL,EVO_LEVEL,25,SPECIES_PELIPPER,0,offline_capable
239,SPECIES_SURSKIT,EVO_LEVEL,22,SPECIES_MASQUERAIN,0,offline_capable
240,SPECIES_WAILMER,EVO_LEVEL,40,SPECIES_WAILORD,0,offline_capable
241,SPECIES_SKITTY,EVO_ITEM,ITEM_MOON_STONE,SPECIES_DELCATTY,0,offline_capable
242,SPECIES_BALTOY,EVO_LEVEL,36,SPECIES_CLAYDOL,0,offline_capable
243,SPECIES_NOSEPASS,EVO_MAP,MAPSEC_THUNDERCAP_MOUNTAIN,SPECIES_PROBOPASS,0,offline_capable
244,SPECIES_NOSEPASS,EVO_ITEM,ITEM_THUNDER_STONE,SPECIES_PROBOPASS,0,offline_capable
245,SPECIES_SABLEYE,EVO_MEGA,ITEM_SABLENITE,SPECIES_SABLEYE_MEGA,MEGA_VARIANT_STANDARD,transformation
246,SPECIES_BARBOACH,EVO_LEVEL,30,SPECIES_WHISCASH,0,offline_capable
247,SPECIES_CORPHISH,EVO_LEVEL,30,SPECIES_CRAWDAUNT,0,offline_capable
248,SPECIES_FEEBAS,EVO_ITEM,ITEM_PRISM_SCALE,SPECIES_MILOTIC,0,offline_capable
249,SPECIES_FEEBAS,EVO_TRADE_ITEM,ITEM_PRISM_SCALE,SPECIES_MILOTIC,0,offline_capable
250,SPECIES_CARVANHA,EVO_LEVEL,30,SPECIES_SHARPEDO,0,offline_capable
251,SPECIES_SHARPEDO,EVO_MEGA,ITEM_SHARPEDONITE,SPECIES_SHARPEDO_MEGA,MEGA_VARIANT_STANDARD,transformation
252,SPECIES_TRAPINCH,EVO_LEVEL,35,SPECIES_VIBRAVA,0,offline_capable
253,SPECIES_VIBRAVA,EVO_LEVEL,45,SPECIES_FLYGON,0,offline_capable
254,SPECIES_MAKUHITA,EVO_LEVEL,24,SPECIES_HARIYAMA,0,offline_capable
255,SPECIES_ELECTRIKE,EVO_LEVEL,26,SPECIES_MANECTRIC,0,offline_capable
256,SPECIES_MANECTRIC,EVO_MEGA,ITEM_MANECTITE,SPECIES_MANECTRIC_MEGA,MEGA_VARIANT_STANDARD,transformation
257,SPECIES_NUMEL,EVO_LEVEL,33,SPECIES_CAMERUPT,0,offline_capable
258,SPECIES_CAMERUPT,EVO_MEGA,ITEM_CAMERUPTITE,SPECIES_CAMERUPT_MEGA,MEGA_VARIANT_STANDARD,transformation
259,SPECIES_SPHEAL,EVO_LEVEL,32,SPECIES_SEALEO,0,offline_capable
260,SPECIES_SEALEO,EVO_LEVEL,44,SPECIES_WALREIN,0,offline_capable
261,SPECIES_CACNEA,EVO_LEVEL,32,SPECIES_CACTURNE,0,offline_capable
262,SPECIES_SNORUNT,EVO_LEVEL,30,SPECIES_GLALIE,0,offline_capable
263,SPECIES_SNORUNT,EVO_ITEM,ITEM_DAWN_STONE,SPECIES_FROSLASS,MON_FEMALE,offline_capable
264,SPECIES_GLALIE,EVO_MEGA,ITEM_GLALITITE,SPECIES_GLALIE_MEGA,MEGA_VARIANT_STANDARD,transformation
265,SPECIES_AZURILL,EVO_FRIENDSHIP,0,SPECIES_MARILL,0,offline_capable
266,SPECIES_SPOINK,EVO_LEVEL,32,SPECIES_GRUMPIG,0,offline_capable
267,SPECIES_MAWILE,EVO_MEGA,ITEM_MAWILITE,SPECIES_MAWILE_MEGA,MEGA_VARIANT_STANDARD,transformation
268,SPECIES_MEDITITE,EVO_LEVEL,37,SPECIES_MEDICHAM,0,offline_capable
269,SPECIES_MEDICHAM,EVO_MEGA,ITEM_MEDICHAMITE,SPECIES_MEDICHAM_MEGA,MEGA_VARIANT_STANDARD,transformation
270,SPECIES_SWABLU,EVO_LEVEL,35,SPECIES_ALTARIA,0,offline_capable
271,SPECIES_ALTARIA,EVO_MEGA,ITEM_ALTARIANITE,SPECIES_ALTARIA_MEGA,MEGA_VARIANT_STANDARD,transformation
272,SPECIES_WYNAUT,EVO_LEVEL,15,SPECIES_WOBBUFFET,0,offline_capable
273,SPECIES_DUSKULL,EVO_LEVEL,37,SPECIES_DUSCLOPS,0,offline_capable
274,SPECIES_DUSCLOPS,EVO_ITEM,ITEM_REAPER_CLOTH,SPECIES_DUSKNOIR,0,offline_capable
275,SPECIES_DUSCLOPS,EVO_TRADE_ITEM,ITEM_REAPER_CLOTH,SPECIES_DUSKNOIR,0,offline_capable
276,SPECIES_ROSELIA,EVO_ITEM,ITEM_SHINY_STONE,SPECIES_ROSERADE,0,offline_capable
277,SPECIES_SLAKOTH,EVO_LEVEL,18,SPECIES_VIGOROTH,0,offline_capable
278,SPECIES_VIGOROTH,EVO_LEVEL,36,SPECIES_SLAKING,0,offline_capable
279,SPECIES_GULPIN,EVO_LEVEL,26,SPECIES_SWALOT,0,offline_capable
280,SPECIES_WHISMUR,EVO_LEVEL,20,SPECIES_LOUDRED,0,offline_capable
281,SPECIES_LOUDRED,EVO_LEVEL,40,SPECIES_EXPLOUD,0,offline_capable
282,SPECIES_CLAMPERL,EVO_ITEM,ITEM_DEEP_SEA_TOOTH,SPECIES_HUNTAIL,0,offline_capable
283,SPECIES_CLAMPERL,EVO_ITEM,ITEM_DEEP_SEA_SCALE,SPECIES_GOREBYSS,0,offline_capable
284,SPECIES_CLAMPERL,EVO_TRADE_ITEM,ITEM_DEEP_SEA_TOOTH,SPECIES_HUNTAIL,0,offline_capable
285,SPECIES_CLAMPERL,EVO_TRADE_ITEM,ITEM_DEEP_SEA_SCALE,SPECIES_GOREBYSS,0,offline_capable
286,SPECIES_ABSOL,EVO_MEGA,ITEM_ABSOLITE_Z,SPECIES_ABSOL_MEGA_Z,MEGA_VARIANT_STANDARD,transformation
287,SPECIES_ABSOL,EVO_MEGA,ITEM_ABSOLITE,SPECIES_ABSOL_MEGA,MEGA_VARIANT_STANDARD,transformation
288,SPECIES_SHUPPET,EVO_LEVEL,37,SPECIES_BANETTE,0,offline_capable
289,SPECIES_BANETTE,EVO_MEGA,ITEM_BANETTITE,SPECIES_BANETTE_MEGA,MEGA_VARIANT_STANDARD,transformation
290,SPECIES_ARON,EVO_LEVEL,32,SPECIES_LAIRON,0,offline_capable
291,SPECIES_LAIRON,EVO_LEVEL,42,SPECIES_AGGRON,0,offline_capable
292,SPECIES_AGGRON,EVO_MEGA,ITEM_AGGRONITE,SPECIES_AGGRON_MEGA,MEGA_VARIANT_STANDARD,transformation
293,SPECIES_LILEEP,EVO_LEVEL,40,SPECIES_CRADILY,0,offline_capable
294,SPECIES_ANORITH,EVO_LEVEL,40,SPECIES_ARMALDO,0,offline_capable
295,SPECIES_RALTS,EVO_LEVEL,20,SPECIES_KIRLIA,0,offline_capable
296,SPECIES_KIRLIA,EVO_LEVEL,30,SPECIES_GARDEVOIR,0,offline_capable
297,SPECIES_KIRLIA,EVO_ITEM,ITEM_DAWN_STONE,SPECIES_GALLADE,MON_MALE,offline_capable
298,SPECIES_GARDEVOIR,EVO_MEGA,ITEM_GARDEVOIRITE,SPECIES_GARDEVOIR_MEGA,MEGA_VARIANT_STANDARD,transformation
299,SPECIES_BAGON,EVO_LEVEL,30,SPECIES_SHELGON,0,offline_capable
300,SPECIES_SHELGON,EVO_LEVEL,50,SPECIES_SALAMENCE,0,offline_capable
301,SPECIES_SALAMENCE,EVO_MEGA,ITEM_SALAMENCITE,SPECIES_SALAMENCE_MEGA,MEGA_VARIANT_STANDARD,transformation
302,SPECIES_BELDUM,EVO_LEVEL,20,SPECIES_METANG,0,offline_capable
303,SPECIES_METANG,EVO_LEVEL,45,SPECIES_METAGROSS,0,offline_capable
304,SPECIES_METAGROSS,EVO_MEGA,ITEM_METAGROSSITE,SPECIES_METAGROSS_MEGA,MEGA_VARIANT_STANDARD,transformation
305,SPECIES_KYOGRE,EVO_MEGA,ITEM_BLUE_ORB,SPECIES_KYOGRE_PRIMAL,MEGA_VARIANT_PRIMAL,transformation
306,SPECIES_GROUDON,EVO_MEGA,ITEM_RED_ORB,SPECIES_GROUDON_PRIMAL,MEGA_VARIANT_PRIMAL,transformation
307,SPECIES_RAYQUAZA,EVO_MEGA,MOVE_DRAGONASCENT,SPECIES_RAYQUAZA_MEGA,MEGA_VARIANT_WISH,transformation
308,SPECIES_LATIAS,EVO_MEGA,ITEM_LATIASITE,SPECIES_LATIAS_MEGA,MEGA_VARIANT_STANDARD,transformation
309,SPECIES_LATIOS,EVO_MEGA,ITEM_LATIOSITE,SPECIES_LATIOS_MEGA,MEGA_VARIANT_STANDARD,transformation
310,SPECIES_TURTWIG,EVO_LEVEL,18,SPECIES_GROTLE,0,offline_capable
311,SPECIES_GROTLE,EVO_LEVEL,32,SPECIES_TORTERRA,0,offline_capable
312,SPECIES_CHIMCHAR,EVO_LEVEL,14,SPECIES_MONFERNO,0,offline_capable
313,SPECIES_MONFERNO,EVO_LEVEL,36,SPECIES_INFERNAPE,0,offline_capable
314,SPECIES_PIPLUP,EVO_LEVEL,16,SPECIES_PRINPLUP,0,offline_capable
315,SPECIES_PRINPLUP,EVO_LEVEL,36,SPECIES_EMPOLEON,0,offline_capable
316,SPECIES_STARLY,EVO_LEVEL,14,SPECIES_STARAVIA,0,offline_capable
317,SPECIES_STARAVIA,EVO_LEVEL,34,SPECIES_STARAPTOR,0,offline_capable
318,SPECIES_BIDOOF,EVO_LEVEL,15,SPECIES_BIBAREL,0,offline_capable
319,SPECIES_KRICKETOT,EVO_LEVEL,10,SPECIES_KRICKETUNE,0,offline_capable
320,SPECIES_SHINX,EVO_LEVEL,15,SPECIES_LUXIO,0,offline_capable
321,SPECIES_LUXIO,EVO_LEVEL,30,SPECIES_LUXRAY,0,offline_capable
322,SPECIES_BUDEW,EVO_FRIENDSHIP_DAY,0,SPECIES_ROSELIA,0,offline_capable
323,SPECIES_CRANIDOS,EVO_LEVEL,30,SPECIES_RAMPARDOS,0,offline_capable
324,SPECIES_SHIELDON,EVO_LEVEL,30,SPECIES_BASTIODON,0,offline_capable
325,SPECIES_BURMY,EVO_FEMALE_LEVEL,20,SPECIES_WORMADAM,0,offline_capable
326,SPECIES_BURMY,EVO_MALE_LEVEL,20,SPECIES_MOTHIM,0,offline_capable
327,SPECIES_COMBEE,EVO_FEMALE_LEVEL,21,SPECIES_VESPIQUEN,0,offline_capable
328,SPECIES_BUIZEL,EVO_LEVEL,26,SPECIES_FLOATZEL,0,offline_capable
329,SPECIES_CHERUBI,EVO_LEVEL,25,SPECIES_CHERRIM,0,offline_capable
330,SPECIES_SHELLOS,EVO_LEVEL,30,SPECIES_GASTRODON,0,offline_capable
331,SPECIES_DRIFLOON,EVO_LEVEL,28,SPECIES_DRIFBLIM,0,offline_capable
332,SPECIES_BUNEARY,EVO_FRIENDSHIP,0,SPECIES_LOPUNNY,0,offline_capable
333,SPECIES_LOPUNNY,EVO_MEGA,ITEM_LOPUNNITE,SPECIES_LOPUNNY_MEGA,MEGA_VARIANT_STANDARD,transformation
334,SPECIES_GLAMEOW,EVO_LEVEL,34,SPECIES_PURUGLY,0,offline_capable
335,SPECIES_CHINGLING,EVO_FRIENDSHIP_NIGHT,0,SPECIES_CHIMECHO,0,offline_capable
336,SPECIES_STUNKY,EVO_LEVEL,34,SPECIES_SKUNTANK,0,offline_capable
337,SPECIES_BRONZOR,EVO_LEVEL,33,SPECIES_BRONZONG,0,offline_capable
338,SPECIES_BONSLY,EVO_MOVE,MOVE_MIMIC,SPECIES_SUDOWOODO,0,offline_capable
339,SPECIES_MIME_JR,EVO_MOVE,MOVE_MIMIC,SPECIES_MR_MIME,0,offline_capable
340,SPECIES_HAPPINY,EVO_HOLD_ITEM_DAY,ITEM_OVAL_STONE,SPECIES_CHANSEY,0,offline_capable
341,SPECIES_GIBLE,EVO_LEVEL,24,SPECIES_GABITE,0,offline_capable
342,SPECIES_GABITE,EVO_LEVEL,48,SPECIES_GARCHOMP,0,offline_capable
343,SPECIES_GARCHOMP,EVO_MEGA,ITEM_GARCHOMPITE_Z,SPECIES_GARCHOMP_MEGA_Z,MEGA_VARIANT_STANDARD,transformation
344,SPECIES_GARCHOMP,EVO_MEGA,ITEM_GARCHOMPITE,SPECIES_GARCHOMP_MEGA,MEGA_VARIANT_STANDARD,transformation
345,SPECIES_MUNCHLAX,EVO_FRIENDSHIP,0,SPECIES_SNORLAX,0,offline_capable
346,SPECIES_RIOLU,EVO_FRIENDSHIP_DAY,0,SPECIES_LUCARIO,0,offline_capable
347,SPECIES_LUCARIO,EVO_MEGA,ITEM_LUCARIONITE_Z,SPECIES_LUCARIO_MEGA_Z,MEGA_VARIANT_STANDARD,transformation
348,SPECIES_LUCARIO,EVO_MEGA,ITEM_LUCARIONITE,SPECIES_LUCARIO_MEGA,MEGA_VARIANT_STANDARD,transformation
349,SPECIES_HIPPOPOTAS,EVO_LEVEL,34,SPECIES_HIPPOWDON,0,offline_capable
350,SPECIES_SKORUPI,EVO_LEVEL,40,SPECIES_DRAPION,0,offline_capable
351,SPECIES_CROAGUNK,EVO_LEVEL,37,SPECIES_TOXICROAK,0,offline_capable
352,SPECIES_FINNEON,EVO_LEVEL,31,SPECIES_LUMINEON,0,offline_capable
353,SPECIES_MANTYKE,EVO_OTHER_PARTY_MON,SPECIES_REMORAID,SPECIES_MANTINE,0,offline_capable
354,SPECIES_SNOVER,EVO_LEVEL,40,SPECIES_ABOMASNOW,0,offline_capable
355,SPECIES_ABOMASNOW,EVO_MEGA,ITEM_ABOMASITE,SPECIES_ABOMASNOW_MEGA,MEGA_VARIANT_STANDARD,transformation
356,SPECIES_GALLADE,EVO_MEGA,ITEM_GALLADITE,SPECIES_GALLADE_MEGA,MEGA_VARIANT_STANDARD,transformation
357,SPECIES_SNIVY,EVO_LEVEL,17,SPECIES_SERVINE,0,offline_capable
358,SPECIES_SERVINE,EVO_LEVEL,36,SPECIES_SERPERIOR,0,offline_capable
359,SPECIES_TEPIG,EVO_LEVEL,17,SPECIES_PIGNITE,0,offline_capable
360,SPECIES_PIGNITE,EVO_LEVEL,36,SPECIES_EMBOAR,0,offline_capable
361,SPECIES_OSHAWOTT,EVO_LEVEL,17,SPECIES_DEWOTT,0,offline_capable
362,SPECIES_DEWOTT,EVO_LEVEL,36,SPECIES_SAMUROTT,0,offline_capable
363,SPECIES_DEWOTT,EVO_LEVEL_HOLD_ITEM,36,SPECIES_SAMUROTT_H,ITEM_HISUI_ROCK,offline_capable
364,SPECIES_PATRAT,EVO_LEVEL,20,SPECIES_WATCHOG,0,offline_capable
365,SPECIES_LILLIPUP,EVO_LEVEL,16,SPECIES_HERDIER,0,offline_capable
366,SPECIES_HERDIER,EVO_LEVEL,32,SPECIES_STOUTLAND,0,offline_capable
367,SPECIES_PURRLOIN,EVO_LEVEL,20,SPECIES_LIEPARD,0,offline_capable
368,SPECIES_PANSAGE,EVO_ITEM,ITEM_LEAF_STONE,SPECIES_SIMISAGE,0,offline_capable
369,SPECIES_PANSEAR,EVO_ITEM,ITEM_FIRE_STONE,SPECIES_SIMISEAR,0,offline_capable
370,SPECIES_PANPOUR,EVO_ITEM,ITEM_WATER_STONE,SPECIES_SIMIPOUR,0,offline_capable
371,SPECIES_MUNNA,EVO_ITEM,ITEM_MOON_STONE,SPECIES_MUSHARNA,0,offline_capable
372,SPECIES_PIDOVE,EVO_LEVEL,21,SPECIES_TRANQUILL,0,offline_capable
373,SPECIES_TRANQUILL,EVO_LEVEL,32,SPECIES_UNFEZANT,0,offline_capable
374,SPECIES_BLITZLE,EVO_LEVEL,27,SPECIES_ZEBSTRIKA,0,offline_capable
375,SPECIES_ROGGENROLA,EVO_LEVEL,25,SPECIES_BOLDORE,0,offline_capable
376,SPECIES_BOLDORE,EVO_ITEM,ITEM_LINK_CABLE,SPECIES_GIGALITH,0,offline_capable
377,SPECIES_BOLDORE,EVO_TRADE,0,SPECIES_GIGALITH,0,offline_capable
378,SPECIES_WOOBAT,EVO_FRIENDSHIP,0,SPECIES_SWOOBAT,0,offline_capable
379,SPECIES_DRILBUR,EVO_LEVEL,31,SPECIES_EXCADRILL,0,offline_capable
380,SPECIES_AUDINO,EVO_MEGA,ITEM_AUDINITE,SPECIES_AUDINO_MEGA,MEGA_VARIANT_STANDARD,transformation
381,SPECIES_TIMBURR,EVO_LEVEL,25,SPECIES_GURDURR,0,offline_capable
382,SPECIES_GURDURR,EVO_TRADE,0,SPECIES_CONKELDURR,0,offline_capable
383,SPECIES_GURDURR,EVO_ITEM,ITEM_LINK_CABLE,SPECIES_CONKELDURR,0,offline_capable
384,SPECIES_TYMPOLE,EVO_LEVEL,25,SPECIES_PALPITOAD,0,offline_capable
385,SPECIES_PALPITOAD,EVO_LEVEL,36,SPECIES_SEISMITOAD,0,offline_capable
386,SPECIES_SEWADDLE,EVO_LEVEL,20,SPECIES_SWADLOON,0,offline_capable
387,SPECIES_SWADLOON,EVO_FRIENDSHIP,0,SPECIES_LEAVANNY,0,offline_capable
388,SPECIES_VENIPEDE,EVO_LEVEL,22,SPECIES_WHIRLIPEDE,0,offline_capable
389,SPECIES_WHIRLIPEDE,EVO_LEVEL,30,SPECIES_SCOLIPEDE,0,offline_capable
390,SPECIES_COTTONEE,EVO_ITEM,ITEM_SUN_STONE,SPECIES_WHIMSICOTT,0,offline_capable
391,SPECIES_PETILIL,EVO_ITEM,ITEM_SUN_STONE,SPECIES_LILLIGANT,0,offline_capable
392,SPECIES_PETILIL,EVO_ITEM_HOLD_ITEM,ITEM_SUN_STONE,SPECIES_LILLIGANT_H,ITEM_HISUI_ROCK,offline_capable
393,SPECIES_SANDILE,EVO_LEVEL,29,SPECIES_KROKOROK,0,offline_capable
394,SPECIES_KROKOROK,EVO_LEVEL,40,SPECIES_KROOKODILE,0,offline_capable
395,SPECIES_DARUMAKA,EVO_LEVEL,35,SPECIES_DARMANITAN,0,offline_capable
396,SPECIES_DWEBBLE,EVO_LEVEL,34,SPECIES_CRUSTLE,0,offline_capable
397,SPECIES_SCRAGGY,EVO_LEVEL,39,SPECIES_SCRAFTY,0,offline_capable
398,SPECIES_YAMASK,EVO_LEVEL,34,SPECIES_COFAGRIGUS,0,offline_capable
399,SPECIES_TIRTOUGA,EVO_LEVEL,37,SPECIES_CARRACOSTA,0,offline_capable
400,SPECIES_ARCHEN,EVO_LEVEL,37,SPECIES_ARCHEOPS,0,offline_capable
401,SPECIES_TRUBBISH,EVO_LEVEL,36,SPECIES_GARBODOR,0,offline_capable
402,SPECIES_GARBODOR,EVO_GIGANTAMAX,TRUE,SPECIES_GARBODOR_GIGA,0,transformation
403,SPECIES_ZORUA,EVO_LEVEL,30,SPECIES_ZOROARK,0,offline_capable
404,SPECIES_MINCCINO,EVO_ITEM,ITEM_SHINY_STONE,SPECIES_CINCCINO,0,offline_capable
405,SPECIES_GOTHITA,EVO_LEVEL,32,SPECIES_GOTHORITA,0,offline_capable
406,SPECIES_GOTHORITA,EVO_LEVEL,41,SPECIES_GOTHITELLE,0,offline_capable
407,SPECIES_SOLOSIS,EVO_LEVEL,32,SPECIES_DUOSION,0,offline_capable
408,SPECIES_DUOSION,EVO_LEVEL,41,SPECIES_REUNICLUS,0,offline_capable
409,SPECIES_DUCKLETT,EVO_LEVEL,30,SPECIES_SWANNA,0,offline_capable
410,SPECIES_VANILLITE,EVO_LEVEL,24,SPECIES_VANILLISH,0,offline_capable
411,SPECIES_VANILLISH,EVO_LEVEL,42,SPECIES_VANILLUXE,0,offline_capable
412,SPECIES_DEERLING,EVO_LEVEL,34,SPECIES_SAWSBUCK,0,offline_capable
413,SPECIES_KARRABLAST,EVO_ITEM,ITEM_LINK_CABLE,SPECIES_ESCAVALIER,0,offline_capable
414,SPECIES_KARRABLAST,EVO_TRADE,0,SPECIES_ESCAVALIER,0,offline_capable
415,SPECIES_FOONGUS,EVO_LEVEL,39,SPECIES_AMOONGUSS,0,offline_capable
416,SPECIES_FRILLISH,EVO_LEVEL,40,SPECIES_JELLICENT,0,offline_capable
417,SPECIES_JOLTIK,EVO_LEVEL,36,SPECIES_GALVANTULA,0,offline_capable
418,SPECIES_FERROSEED,EVO_LEVEL,40,SPECIES_FERROTHORN,0,offline_capable
419,SPECIES_KLINK,EVO_LEVEL,35,SPECIES_KLANG,0,offline_capable
420,SPECIES_KLANG,EVO_LEVEL,45,SPECIES_KLINKLANG,0,offline_capable
421,SPECIES_TYNAMO,EVO_LEVEL,39,SPECIES_EELEKTRIK,0,offline_capable
422,SPECIES_EELEKTRIK,EVO_ITEM,ITEM_THUNDER_STONE,SPECIES_EELEKTROSS,0,offline_capable
423,SPECIES_ELGYEM,EVO_LEVEL,42,SPECIES_BEHEEYEM,0,offline_capable
424,SPECIES_LITWICK,EVO_LEVEL,41,SPECIES_LAMPENT,0,offline_capable
425,SPECIES_LAMPENT,EVO_ITEM,ITEM_DUSK_STONE,SPECIES_CHANDELURE,0,offline_capable
426,SPECIES_AXEW,EVO_LEVEL,38,SPECIES_FRAXURE,0,offline_capable
427,SPECIES_FRAXURE,EVO_LEVEL,48,SPECIES_HAXORUS,0,offline_capable
428,SPECIES_CUBCHOO,EVO_LEVEL,37,SPECIES_BEARTIC,0,offline_capable
429,SPECIES_SHELMET,EVO_ITEM,ITEM_LINK_CABLE,SPECIES_ACCELGOR,0,offline_capable
430,SPECIES_SHELMET,EVO_TRADE,0,SPECIES_ACCELGOR,0,offline_capable
431,SPECIES_MIENFOO,EVO_LEVEL,46,SPECIES_MIENSHAO,0,offline_capable
432,SPECIES_GOLETT,EVO_LEVEL,43,SPECIES_GOLURK,0,offline_capable
433,SPECIES_PAWNIARD,EVO_LEVEL,52,SPECIES_BISHARP,0,offline_capable
434,SPECIES_BISHARP,EVO_ITEM,ITEM_LEADERS_CREST,SPECIES_KINGAMBIT,0,offline_capable
435,SPECIES_RUFFLET,EVO_LEVEL,50,SPECIES_BRAVIARY,0,offline_capable
436,SPECIES_RUFFLET,EVO_LEVEL_HOLD_ITEM,50,SPECIES_BRAVIARY_H,ITEM_HISUI_ROCK,offline_capable
437,SPECIES_VULLABY,EVO_LEVEL,50,SPECIES_MANDIBUZZ,0,offline_capable
438,SPECIES_DEINO,EVO_LEVEL,50,SPECIES_ZWEILOUS,0,offline_capable
439,SPECIES_ZWEILOUS,EVO_LEVEL,64,SPECIES_HYDREIGON,0,offline_capable
440,SPECIES_LARVESTA,EVO_LEVEL,59,SPECIES_VOLCARONA,0,offline_capable
441,SPECIES_FRILLISH_F,EVO_LEVEL,40,SPECIES_JELLICENT_F,0,offline_capable
442,SPECIES_BURMY_SANDY,EVO_FEMALE_LEVEL,20,SPECIES_WORMADAM_SANDY,0,offline_capable
443,SPECIES_BURMY_SANDY,EVO_MALE_LEVEL,20,SPECIES_MOTHIM,0,offline_capable
444,SPECIES_BURMY_TRASH,EVO_FEMALE_LEVEL,20,SPECIES_WORMADAM_TRASH,0,offline_capable
445,SPECIES_BURMY_TRASH,EVO_MALE_LEVEL,20,SPECIES_MOTHIM,0,offline_capable
446,SPECIES_SHELLOS_EAST,EVO_LEVEL,30,SPECIES_GASTRODON_EAST,0,offline_capable
447,SPECIES_DEERLING_SUMMER,EVO_LEVEL,34,SPECIES_SAWSBUCK_SUMMER,0,offline_capable
448,SPECIES_DEERLING_AUTUMN,EVO_LEVEL,34,SPECIES_SAWSBUCK_AUTUMN,0,offline_capable
449,SPECIES_DEERLING_WINTER,EVO_LEVEL,34,SPECIES_SAWSBUCK_WINTER,0,offline_capable
450,SPECIES_HIPPOPOTAS_F,EVO_LEVEL,34,SPECIES_HIPPOWDON_F,0,offline_capable
451,SPECIES_CHESPIN,EVO_LEVEL,16,SPECIES_QUILLADIN,0,offline_capable
452,SPECIES_QUILLADIN,EVO_LEVEL,36,SPECIES_CHESNAUGHT,0,offline_capable
453,SPECIES_FENNEKIN,EVO_LEVEL,16,SPECIES_BRAIXEN,0,offline_capable
454,SPECIES_BRAIXEN,EVO_LEVEL,36,SPECIES_DELPHOX,0,offline_capable
455,SPECIES_FROAKIE,EVO_LEVEL,16,SPECIES_FROGADIER,0,offline_capable
456,SPECIES_FROGADIER,EVO_LEVEL,36,SPECIES_GRENINJA,0,offline_capable
457,SPECIES_BUNNELBY,EVO_LEVEL,20,SPECIES_DIGGERSBY,0,offline_capable
458,SPECIES_FLETCHLING,EVO_LEVEL,17,SPECIES_FLETCHINDER,0,offline_capable
459,SPECIES_FLETCHINDER,EVO_LEVEL,35,SPECIES_TALONFLAME,0,offline_capable
460,SPECIES_SCATTERBUG,EVO_LEVEL,9,SPECIES_SPEWPA,0,offline_capable
461,SPECIES_SPEWPA,EVO_LEVEL,12,SPECIES_VIVILLON,0,offline_capable
462,SPECIES_LITLEO,EVO_LEVEL,35,SPECIES_PYROAR,0,offline_capable
463,SPECIES_FLABEBE,EVO_LEVEL,19,SPECIES_FLOETTE,0,offline_capable
464,SPECIES_FLOETTE,EVO_MEGA,ITEM_FLOETTITE,SPECIES_FLOETTE_MEGA,MEGA_VARIANT_STANDARD,transformation
465,SPECIES_FLOETTE,EVO_ITEM,ITEM_SHINY_STONE,SPECIES_FLORGES,0,offline_capable
466,SPECIES_SKIDDO,EVO_LEVEL,32,SPECIES_GOGOAT,0,offline_capable
467,SPECIES_PANCHAM,EVO_TYPE_IN_PARTY,32,SPECIES_PANGORO,TYPE_DARK,offline_capable
468,SPECIES_ESPURR,EVO_MALE_LEVEL,25,SPECIES_MEOWSTIC,0,offline_capable
469,SPECIES_ESPURR,EVO_FEMALE_LEVEL,25,SPECIES_MEOWSTIC_FEMALE,0,offline_capable
470,SPECIES_HONEDGE,EVO_LEVEL,35,SPECIES_DOUBLADE,0,offline_capable
471,SPECIES_DOUBLADE,EVO_ITEM,ITEM_DUSK_STONE,SPECIES_AEGISLASH,0,offline_capable
472,SPECIES_SPRITZEE,EVO_ITEM,ITEM_SACHET,SPECIES_AROMATISSE,0,offline_capable
473,SPECIES_SPRITZEE,EVO_TRADE_ITEM,ITEM_SACHET,SPECIES_AROMATISSE,0,offline_capable
474,SPECIES_SWIRLIX,EVO_ITEM,ITEM_WHIPPED_DREAM,SPECIES_SLURPUFF,0,offline_capable
475,SPECIES_SWIRLIX,EVO_TRADE_ITEM,ITEM_WHIPPED_DREAM,SPECIES_SLURPUFF,0,offline_capable
476,SPECIES_INKAY,EVO_LEVEL,30,SPECIES_MALAMAR,0,offline_capable
477,SPECIES_BINACLE,EVO_LEVEL,36,SPECIES_BARBARACLE,0,offline_capable
478,SPECIES_SKRELP,EVO_LEVEL,48,SPECIES_DRAGALGE,0,offline_capable
479,SPECIES_CLAUNCHER,EVO_LEVEL,37,SPECIES_CLAWITZER,0,offline_capable
480,SPECIES_HELIOPTILE,EVO_ITEM,ITEM_SUN_STONE,SPECIES_HELIOLISK,0,offline_capable
481,SPECIES_TYRUNT,EVO_LEVEL_DAY,39,SPECIES_TYRANTRUM,0,offline_capable
482,SPECIES_AMAURA,EVO_LEVEL_NIGHT,39,SPECIES_AURORUS,0,offline_capable
483,SPECIES_GOOMY,EVO_LEVEL,40,SPECIES_SLIGGOO,0,offline_capable
484,SPECIES_GOOMY,EVO_LEVEL_HOLD_ITEM,40,SPECIES_SLIGGOO_H,ITEM_HISUI_ROCK,offline_capable
485,SPECIES_SLIGGOO,EVO_RAINY_FOGGY_OW,50,SPECIES_GOODRA,0,offline_capable
486,SPECIES_PHANTUMP,EVO_TRADE,0,SPECIES_TREVENANT,0,offline_capable
487,SPECIES_PHANTUMP,EVO_ITEM,ITEM_LINK_CABLE,SPECIES_TREVENANT,0,offline_capable
488,SPECIES_PUMPKABOO,EVO_TRADE,0,SPECIES_GOURGEIST,0,offline_capable
489,SPECIES_PUMPKABOO,EVO_ITEM,ITEM_LINK_CABLE,SPECIES_GOURGEIST,0,offline_capable
490,SPECIES_BERGMITE,EVO_LEVEL,37,SPECIES_AVALUGG,0,offline_capable
491,SPECIES_BERGMITE,EVO_LEVEL_HOLD_ITEM,37,SPECIES_AVALUGG_H,ITEM_HISUI_ROCK,offline_capable
492,SPECIES_NOIBAT,EVO_LEVEL,48,SPECIES_NOIVERN,0,offline_capable
493,SPECIES_DIANCIE,EVO_MEGA,ITEM_DIANCITE,SPECIES_DIANCIE_MEGA,MEGA_VARIANT_STANDARD,transformation
494,SPECIES_FLABEBE_BLUE,EVO_LEVEL,19,SPECIES_FLOETTE_BLUE,0,offline_capable
495,SPECIES_FLABEBE_ORANGE,EVO_LEVEL,19,SPECIES_FLOETTE_ORANGE,0,offline_capable
496,SPECIES_FLABEBE_YELLOW,EVO_LEVEL,19,SPECIES_FLOETTE_YELLOW,0,offline_capable
497,SPECIES_FLABEBE_WHITE,EVO_LEVEL,19,SPECIES_FLOETTE_WHITE,0,offline_capable
498,SPECIES_FLOETTE_BLUE,EVO_ITEM,ITEM_SHINY_STONE,SPECIES_FLORGES_BLUE,0,offline_capable
499,SPECIES_FLOETTE_ORANGE,EVO_ITEM,ITEM_SHINY_STONE,SPECIES_FLORGES_ORANGE,0,offline_capable
500,SPECIES_FLOETTE_YELLOW,EVO_ITEM,ITEM_SHINY_STONE,SPECIES_FLORGES_YELLOW,0,offline_capable
501,SPECIES_FLOETTE_WHITE,EVO_ITEM,ITEM_SHINY_STONE,SPECIES_FLORGES_WHITE,0,offline_capable
502,SPECIES_PUMPKABOO_XL,EVO_TRADE,0,SPECIES_GOURGEIST_XL,0,offline_capable
503,SPECIES_PUMPKABOO_XL,EVO_ITEM,ITEM_LINK_CABLE,SPECIES_GOURGEIST_XL,0,offline_capable
504,SPECIES_PUMPKABOO_L,EVO_TRADE,0,SPECIES_GOURGEIST_L,0,offline_capable
505,SPECIES_PUMPKABOO_L,EVO_ITEM,ITEM_LINK_CABLE,SPECIES_GOURGEIST_L,0,offline_capable
506,SPECIES_PUMPKABOO_M,EVO_TRADE,0,SPECIES_GOURGEIST_M,0,offline_capable
507,SPECIES_PUMPKABOO_M,EVO_ITEM,ITEM_LINK_CABLE,SPECIES_GOURGEIST_M,0,offline_capable
508,SPECIES_VENUSAUR_MEGA,EVO_MEGA,ITEM_NONE,SPECIES_VENUSAUR,MEGA_VARIANT_STANDARD,transformation
509,SPECIES_CHARIZARD_MEGA_X,EVO_MEGA,ITEM_NONE,SPECIES_CHARIZARD,MEGA_VARIANT_STANDARD,transformation
510,SPECIES_CHARIZARD_MEGA_Y,EVO_MEGA,ITEM_NONE,SPECIES_CHARIZARD,MEGA_VARIANT_STANDARD,transformation
511,SPECIES_BLASTOISE_MEGA,EVO_MEGA,ITEM_NONE,SPECIES_BLASTOISE,MEGA_VARIANT_STANDARD,transformation
512,SPECIES_BEEDRILL_MEGA,EVO_MEGA,ITEM_NONE,SPECIES_BEEDRILL,MEGA_VARIANT_STANDARD,transformation
513,SPECIES_PIDGEOT_MEGA,EVO_MEGA,ITEM_NONE,SPECIES_PIDGEOT,MEGA_VARIANT_STANDARD,transformation
514,SPECIES_ALAKAZAM_MEGA,EVO_MEGA,ITEM_NONE,SPECIES_ALAKAZAM,MEGA_VARIANT_STANDARD,transformation
515,SPECIES_SLOWBRO_MEGA,EVO_MEGA,ITEM_NONE,SPECIES_SLOWBRO,MEGA_VARIANT_STANDARD,transformation
516,SPECIES_GENGAR_MEGA,EVO_MEGA,ITEM_NONE,SPECIES_GENGAR,MEGA_VARIANT_STANDARD,transformation
517,SPECIES_KANGASKHAN_MEGA,EVO_MEGA,ITEM_NONE,SPECIES_KANGASKHAN,MEGA_VARIANT_STANDARD,transformation
518,SPECIES_PINSIR_MEGA,EVO_MEGA,ITEM_NONE,SPECIES_PINSIR,MEGA_VARIANT_STANDARD,transformation
519,SPECIES_GYARADOS_MEGA,EVO_MEGA,ITEM_NONE,SPECIES_GYARADOS,MEGA_VARIANT_STANDARD,transformation
520,SPECIES_AERODACTYL_MEGA,EVO_MEGA,ITEM_NONE,SPECIES_AERODACTYL,MEGA_VARIANT_STANDARD,transformation
521,SPECIES_MEWTWO_MEGA_X,EVO_MEGA,ITEM_NONE,SPECIES_MEWTWO,MEGA_VARIANT_STANDARD,transformation
522,SPECIES_MEWTWO_MEGA_Y,EVO_MEGA,ITEM_NONE,SPECIES_MEWTWO,MEGA_VARIANT_STANDARD,transformation
523,SPECIES_AMPHAROS_MEGA,EVO_MEGA,ITEM_NONE,SPECIES_AMPHAROS,MEGA_VARIANT_STANDARD,transformation
524,SPECIES_STEELIX_MEGA,EVO_MEGA,ITEM_NONE,SPECIES_STEELIX,MEGA_VARIANT_STANDARD,transformation
525,SPECIES_SCIZOR_MEGA,EVO_MEGA,ITEM_NONE,SPECIES_SCIZOR,MEGA_VARIANT_STANDARD,transformation
526,SPECIES_HERACROSS_MEGA,EVO_MEGA,ITEM_NONE,SPECIES_HERACROSS,MEGA_VARIANT_STANDARD,transformation
527,SPECIES_HOUNDOOM_MEGA,EVO_MEGA,ITEM_NONE,SPECIES_HOUNDOOM,MEGA_VARIANT_STANDARD,transformation
528,SPECIES_TYRANITAR_MEGA,EVO_MEGA,ITEM_NONE,SPECIES_TYRANITAR,MEGA_VARIANT_STANDARD,transformation
529,SPECIES_SCEPTILE_MEGA,EVO_MEGA,ITEM_NONE,SPECIES_SCEPTILE,MEGA_VARIANT_STANDARD,transformation
530,SPECIES_BLAZIKEN_MEGA,EVO_MEGA,ITEM_NONE,SPECIES_BLAZIKEN,MEGA_VARIANT_STANDARD,transformation
531,SPECIES_SWAMPERT_MEGA,EVO_MEGA,ITEM_NONE,SPECIES_SWAMPERT,MEGA_VARIANT_STANDARD,transformation
532,SPECIES_GARDEVOIR_MEGA,EVO_MEGA,ITEM_NONE,SPECIES_GARDEVOIR,MEGA_VARIANT_STANDARD,transformation
533,SPECIES_SABLEYE_MEGA,EVO_MEGA,ITEM_NONE,SPECIES_SABLEYE,MEGA_VARIANT_STANDARD,transformation
534,SPECIES_MAWILE_MEGA,EVO_MEGA,ITEM_NONE,SPECIES_MAWILE,MEGA_VARIANT_STANDARD,transformation
535,SPECIES_AGGRON_MEGA,EVO_MEGA,ITEM_NONE,SPECIES_AGGRON,MEGA_VARIANT_STANDARD,transformation
536,SPECIES_MEDICHAM_MEGA,EVO_MEGA,ITEM_NONE,SPECIES_MEDICHAM,MEGA_VARIANT_STANDARD,transformation
537,SPECIES_MANECTRIC_MEGA,EVO_MEGA,ITEM_NONE,SPECIES_MANECTRIC,MEGA_VARIANT_STANDARD,transformation
538,SPECIES_SHARPEDO_MEGA,EVO_MEGA,ITEM_NONE,SPECIES_SHARPEDO,MEGA_VARIANT_STANDARD,transformation
539,SPECIES_CAMERUPT_MEGA,EVO_MEGA,ITEM_NONE,SPECIES_CAMERUPT,MEGA_VARIANT_STANDARD,transformation
540,SPECIES_ALTARIA_MEGA,EVO_MEGA,ITEM_NONE,SPECIES_ALTARIA,MEGA_VARIANT_STANDARD,transformation
541,SPECIES_BANETTE_MEGA,EVO_MEGA,ITEM_NONE,SPECIES_BANETTE,MEGA_VARIANT_STANDARD,transformation
542,SPECIES_ABSOL_MEGA,EVO_MEGA,ITEM_NONE,SPECIES_ABSOL,MEGA_VARIANT_STANDARD,transformation
543,SPECIES_GLALIE_MEGA,EVO_MEGA,ITEM_NONE,SPECIES_GLALIE,MEGA_VARIANT_STANDARD,transformation
544,SPECIES_SALAMENCE_MEGA,EVO_MEGA,ITEM_NONE,SPECIES_SALAMENCE,MEGA_VARIANT_STANDARD,transformation
545,SPECIES_METAGROSS_MEGA,EVO_MEGA,ITEM_NONE,SPECIES_METAGROSS,MEGA_VARIANT_STANDARD,transformation
546,SPECIES_LATIAS_MEGA,EVO_MEGA,ITEM_NONE,SPECIES_LATIAS,MEGA_VARIANT_STANDARD,transformation
547,SPECIES_LATIOS_MEGA,EVO_MEGA,ITEM_NONE,SPECIES_LATIOS,MEGA_VARIANT_STANDARD,transformation
548,SPECIES_GROUDON_PRIMAL,EVO_MEGA,ITEM_NONE,SPECIES_GROUDON,MEGA_VARIANT_PRIMAL,transformation
549,SPECIES_KYOGRE_PRIMAL,EVO_MEGA,ITEM_NONE,SPECIES_KYOGRE,MEGA_VARIANT_PRIMAL,transformation
550,SPECIES_RAYQUAZA_MEGA,EVO_MEGA,MOVE_NONE,SPECIES_RAYQUAZA,MEGA_VARIANT_WISH,transformation
551,SPECIES_LOPUNNY_MEGA,EVO_MEGA,ITEM_NONE,SPECIES_LOPUNNY,MEGA_VARIANT_STANDARD,transformation
552,SPECIES_GARCHOMP_MEGA,EVO_MEGA,ITEM_NONE,SPECIES_GARCHOMP,MEGA_VARIANT_STANDARD,transformation
553,SPECIES_LUCARIO_MEGA,EVO_MEGA,ITEM_NONE,SPECIES_LUCARIO,MEGA_VARIANT_STANDARD,transformation
554,SPECIES_ABOMASNOW_MEGA,EVO_MEGA,ITEM_NONE,SPECIES_ABOMASNOW,MEGA_VARIANT_STANDARD,transformation
555,SPECIES_GALLADE_MEGA,EVO_MEGA,ITEM_NONE,SPECIES_GALLADE,MEGA_VARIANT_STANDARD,transformation
556,SPECIES_AUDINO_MEGA,EVO_MEGA,ITEM_NONE,SPECIES_AUDINO,MEGA_VARIANT_STANDARD,transformation
557,SPECIES_DIANCIE_MEGA,EVO_MEGA,ITEM_NONE,SPECIES_DIANCIE,MEGA_VARIANT_STANDARD,transformation
558,SPECIES_ROWLET,EVO_LEVEL,17,SPECIES_DARTRIX,0,offline_capable
559,SPECIES_DARTRIX,EVO_LEVEL,34,SPECIES_DECIDUEYE,0,offline_capable
560,SPECIES_DARTRIX,EVO_LEVEL_HOLD_ITEM,34,SPECIES_DECIDUEYE_H,ITEM_HISUI_ROCK,offline_capable
561,SPECIES_LITTEN,EVO_LEVEL,17,SPECIES_TORRACAT,0,offline_capable
562,SPECIES_TORRACAT,EVO_LEVEL,34,SPECIES_INCINEROAR,0,offline_capable
563,SPECIES_POPPLIO,EVO_LEVEL,17,SPECIES_BRIONNE,0,offline_capable
564,SPECIES_BRIONNE,EVO_LEVEL,34,SPECIES_PRIMARINA,0,offline_capable
565,SPECIES_PIKIPEK,EVO_LEVEL,14,SPECIES_TRUMBEAK,0,offline_capable
566,SPECIES_TRUMBEAK,EVO_LEVEL,28,SPECIES_TOUCANNON,0,offline_capable
567,SPECIES_YUNGOOS,EVO_LEVEL_DAY,20,SPECIES_GUMSHOOS,0,offline_capable
568,SPECIES_GRUBBIN,EVO_LEVEL,20,SPECIES_CHARJABUG,0,offline_capable
569,SPECIES_CHARJABUG,EVO_MAP,MAPSEC_THUNDERCAP_MOUNTAIN,SPECIES_VIKAVOLT,0,offline_capable
570,SPECIES_CHARJABUG,EVO_ITEM,ITEM_THUNDER_STONE,SPECIES_VIKAVOLT,0,offline_capable
571,SPECIES_CRABRAWLER,EVO_ITEM,ITEM_ICE_STONE,SPECIES_CRABOMINABLE,0,offline_capable
572,SPECIES_CRABRAWLER,EVO_MAP,MAPSEC_FROST_MOUNTAIN,SPECIES_CRABOMINABLE,0,offline_capable
573,SPECIES_CRABRAWLER,EVO_MAP,MAPSEC_ROUTE_8,SPECIES_CRABOMINABLE,0,offline_capable
574,SPECIES_CRABRAWLER,EVO_MAP,MAPSEC_BLIZZARD_CITY,SPECIES_CRABOMINABLE,0,offline_capable
575,SPECIES_CRABRAWLER,EVO_MAP,MAPSEC_FROZEN_FOREST,SPECIES_CRABOMINABLE,0,offline_capable
576,SPECIES_CUTIEFLY,EVO_LEVEL,25,SPECIES_RIBOMBEE,0,offline_capable
577,SPECIES_ROCKRUFF,EVO_LEVEL_DAY,25,SPECIES_LYCANROC,0,offline_capable
578,SPECIES_ROCKRUFF,EVO_LEVEL_NIGHT,25,SPECIES_LYCANROC_N,0,offline_capable
579,SPECIES_ROCKRUFF,EVO_LEVEL_SPECIFIC_TIME_RANGE,25,SPECIES_LYCANROC_DUSK,"TIME_RANGE(17, 20)",offline_capable
580,SPECIES_MAREANIE,EVO_LEVEL,38,SPECIES_TOXAPEX,0,offline_capable
581,SPECIES_MUDBRAY,EVO_LEVEL,30,SPECIES_MUDSDALE,0,offline_capable
582,SPECIES_DEWPIDER,EVO_LEVEL,22,SPECIES_ARAQUANID,0,offline_capable
583,SPECIES_FOMANTIS,EVO_LEVEL_DAY,34,SPECIES_LURANTIS,0,offline_capable
584,SPECIES_MORELULL,EVO_LEVEL,24,SPECIES_SHIINOTIC,0,offline_capable
585,SPECIES_SALANDIT,EVO_FEMALE_LEVEL,33,SPECIES_SALAZZLE,0,offline_capable
586,SPECIES_STUFFUL,EVO_LEVEL,27,SPECIES_BEWEAR,0,offline_capable
587,SPECIES_BOUNSWEET,EVO_LEVEL,18,SPECIES_STEENEE,0,offline_capable
588,SPECIES_STEENEE,EVO_MOVE,MOVE_STOMP,SPECIES_TSAREENA,0,offline_capable
589,SPECIES_WIMPOD,EVO_LEVEL,30,SPECIES_GOLISOPOD,0,offline_capable
590,SPECIES_SANDYGAST,EVO_LEVEL,42,SPECIES_PALOSSAND,0,offline_capable
591,SPECIES_TYPE_NULL,EVO_FRIENDSHIP,0,SPECIES_SILVALLY,0,offline_capable
592,SPECIES_JANGMO_O,EVO_LEVEL,35,SPECIES_HAKAMO_O,0,offline_capable
593,SPECIES_HAKAMO_O,EVO_LEVEL,45,SPECIES_KOMMO_O,0,offline_capable
594,SPECIES_COSMOG,EVO_LEVEL,43,SPECIES_COSMOEM,0,offline_capable
595,SPECIES_COSMOEM,EVO_LEVEL_DAY,53,SPECIES_SOLGALEO,0,offline_capable
596,SPECIES_COSMOEM,EVO_LEVEL_NIGHT,53,SPECIES_LUNALA,0,offline_capable
597,SPECIES_RATTATA_A,EVO_LEVEL_NIGHT,20,SPECIES_RATICATE_A,0,offline_capable
598,SPECIES_SANDSHREW_A,EVO_ITEM,ITEM_ICE_STONE,SPECIES_SANDSLASH_A,0,offline_capable
599,SPECIES_VULPIX_A,EVO_ITEM,ITEM_ICE_STONE,SPECIES_NINETALES_A,0,offline_capable
600,SPECIES_DIGLETT_A,EVO_LEVEL,26,SPECIES_DUGTRIO_A,0,offline_capable
601,SPECIES_MEOWTH_A,EVO_FRIENDSHIP,0,SPECIES_PERSIAN_A,0,offline_capable
602,SPECIES_GEODUDE_A,EVO_LEVEL,25,SPECIES_GRAVELER_A,0,offline_capable
603,SPECIES_GRAVELER_A,EVO_ITEM,ITEM_LINK_CABLE,SPECIES_GOLEM_A,0,offline_capable
604,SPECIES_GRAVELER_A,EVO_TRADE,0,SPECIES_GOLEM_A,0,offline_capable
605,SPECIES_GRIMER_A,EVO_LEVEL,38,SPECIES_MUK_A,0,offline_capable
606,SPECIES_EXEGGCUTE_A,EVO_ITEM,ITEM_LEAF_STONE,SPECIES_EXEGGUTOR_A,0,offline_capable
607,SPECIES_CUBONE_A,EVO_LEVEL_NIGHT,28,SPECIES_MAROWAK_A,0,offline_capable
608,SPECIES_POIPOLE,EVO_MOVE,MOVE_DRAGONPULSE,SPECIES_NAGANADEL,0,offline_capable
609,SPECIES_NECROZMA_DUSK_MANE,EVO_MEGA,ITEM_ULTRANECROZIUM_Z,SPECIES_NECROZMA_ULTRA,MEGA_VARIANT_ULTRA_BURST,transformation
610,SPECIES_NECROZMA_DAWN_WINGS,EVO_MEGA,ITEM_ULTRANECROZIUM_Z,SPECIES_NECROZMA_ULTRA,MEGA_VARIANT_ULTRA_BURST,transformation
611,SPECIES_NECROZMA_ULTRA,EVO_MEGA,ITEM_NONE,SPECIES_NECROZMA_DUSK_MANE,MEGA_VARIANT_ULTRA_BURST,transformation
612,SPECIES_NECROZMA_ULTRA,EVO_MEGA,ITEM_NONE,SPECIES_NECROZMA_DAWN_WINGS,MEGA_VARIANT_ULTRA_BURST,transformation
613,SPECIES_MELTAN,EVO_ITEM,ITEM_METAL_COAT,SPECIES_MELMETAL,0,offline_capable
614,SPECIES_MELTAN,EVO_ITEM,ITEM_METAL_POWDER,SPECIES_MELMETAL,0,offline_capable
615,SPECIES_MELMETAL,EVO_GIGANTAMAX,TRUE,SPECIES_MELMETAL_GIGA,0,transformation
616,SPECIES_GROOKEY,EVO_LEVEL,16,SPECIES_THWACKEY,0,offline_capable
617,SPECIES_THWACKEY,EVO_LEVEL,35,SPECIES_RILLABOOM,0,offline_capable
618,SPECIES_RILLABOOM,EVO_GIGANTAMAX,TRUE,SPECIES_RILLABOOM_GIGA,0,transformation
619,SPECIES_SCORBUNNY,EVO_LEVEL,16,SPECIES_RABOOT,0,offline_capable
620,SPECIES_RABOOT,EVO_LEVEL,35,SPECIES_CINDERACE,0,offline_capable
621,SPECIES_CINDERACE,EVO_GIGANTAMAX,TRUE,SPECIES_CINDERACE_GIGA,0,transformation
622,SPECIES_SOBBLE,EVO_LEVEL,16,SPECIES_DRIZZILE,0,offline_capable
623,SPECIES_DRIZZILE,EVO_LEVEL,35,SPECIES_INTELEON,0,offline_capable
624,SPECIES_INTELEON,EVO_GIGANTAMAX,TRUE,SPECIES_INTELEON_GIGA,0,transformation
625,SPECIES_SKWOVET,EVO_LEVEL,24,SPECIES_GREEDENT,0,offline_capable
626,SPECIES_ROOKIDEE,EVO_LEVEL,18,SPECIES_CORVISQUIRE,0,offline_capable
627,SPECIES_CORVISQUIRE,EVO_LEVEL,38,SPECIES_CORVIKNIGHT,0,offline_capable
628,SPECIES_CORVIKNIGHT,EVO_GIGANTAMAX,TRUE,SPECIES_CORVIKNIGHT_GIGA,0,transformation
629,SPECIES_BLIPBUG,EVO_LEVEL,10,SPECIES_DOTTLER,0,offline_capable
630,SPECIES_DOTTLER,EVO_LEVEL,30,SPECIES_ORBEETLE,0,offline_capable
631,SPECIES_ORBEETLE,EVO_GIGANTAMAX,TRUE,SPECIES_ORBEETLE_GIGA,0,transformation
632,SPECIES_NICKIT,EVO_LEVEL,18,SPECIES_THIEVUL,0,offline_capable
633,SPECIES_GOSSIFLEUR,EVO_LEVEL,20,SPECIES_ELDEGOSS,0,offline_capable
634,SPECIES_WOOLOO,EVO_LEVEL,24,SPECIES_DUBWOOL,0,offline_capable
635,SPECIES_CHEWTLE,EVO_LEVEL,22,SPECIES_DREDNAW,0,offline_capable
636,SPECIES_DREDNAW,EVO_GIGANTAMAX,TRUE,SPECIES_DREDNAW_GIGA,0,transformation
637,SPECIES_YAMPER,EVO_LEVEL,25,SPECIES_BOLTUND,0,offline_capable
638,SPECIES_ROLYCOLY,EVO_LEVEL,18,SPECIES_CARKOL,0,offline_capable
639,SPECIES_CARKOL,EVO_LEVEL,34,SPECIES_COALOSSAL,0,offline_capable
640,SPECIES_COALOSSAL,EVO_GIGANTAMAX,TRUE,SPECIES_COALOSSAL_GIGA,0,transformation
641,SPECIES_APPLIN,EVO_ITEM,ITEM_TART_APPLE,SPECIES_FLAPPLE,0,offline_capable
642,SPECIES_APPLIN,EVO_ITEM,ITEM_SWEET_APPLE,SPECIES_APPLETUN,0,offline_capable
643,SPECIES_APPLIN,EVO_ITEM,ITEM_SYRUPY_APPLE,SPECIES_DIPPLIN,0,offline_capable
644,SPECIES_FLAPPLE,EVO_GIGANTAMAX,TRUE,SPECIES_FLAPPLE_GIGA,0,transformation
645,SPECIES_APPLETUN,EVO_GIGANTAMAX,TRUE,SPECIES_APPLETUN_GIGA,0,transformation
646,SPECIES_SILICOBRA,EVO_LEVEL,36,SPECIES_SANDACONDA,0,offline_capable
647,SPECIES_SANDACONDA,EVO_GIGANTAMAX,TRUE,SPECIES_SANDACONDA_GIGA,0,transformation
648,SPECIES_ARROKUDA,EVO_LEVEL,26,SPECIES_BARRASKEWDA,0,offline_capable
649,SPECIES_TOXEL,EVO_NATURE_HIGH,30,SPECIES_TOXTRICITY,0,offline_capable
650,SPECIES_TOXEL,EVO_NATURE_LOW,30,SPECIES_TOXTRICITY_LOW_KEY,0,offline_capable
651,SPECIES_TOXTRICITY,EVO_GIGANTAMAX,TRUE,SPECIES_TOXTRICITY_GIGA,0,transformation
652,SPECIES_TOXTRICITY_LOW_KEY,EVO_GIGANTAMAX,TRUE,SPECIES_TOXTRICITY_LOW_KEY_GIGA,0,transformation
653,SPECIES_SIZZLIPEDE,EVO_LEVEL,28,SPECIES_CENTISKORCH,0,offline_capable
654,SPECIES_CENTISKORCH,EVO_GIGANTAMAX,TRUE,SPECIES_CENTISKORCH_GIGA,0,transformation
655,SPECIES_CLOBBOPUS,EVO_MOVE,MOVE_TAUNT,SPECIES_GRAPPLOCT,0,offline_capable
656,SPECIES_SINISTEA,EVO_ITEM,ITEM_CRACKED_POT,SPECIES_POLTEAGEIST,0,offline_capable
657,SPECIES_SINISTEA_CHIPPED,EVO_ITEM,ITEM_CHIPPED_POT,SPECIES_POLTEAGEIST_CHIPPED,0,offline_capable
658,SPECIES_HATENNA,EVO_LEVEL,32,SPECIES_HATTREM,0,offline_capable
659,SPECIES_HATTREM,EVO_LEVEL,42,SPECIES_HATTERENE,0,offline_capable
660,SPECIES_HATTERENE,EVO_GIGANTAMAX,TRUE,SPECIES_HATTERENE_GIGA,0,transformation
661,SPECIES_IMPIDIMP,EVO_LEVEL,32,SPECIES_MORGREM,0,offline_capable
662,SPECIES_MORGREM,EVO_LEVEL,42,SPECIES_GRIMMSNARL,0,offline_capable
663,SPECIES_GRIMMSNARL,EVO_GIGANTAMAX,TRUE,SPECIES_GRIMMSNARL_GIGA,0,transformation
664,SPECIES_MILCERY,EVO_ITEM,ITEM_STRAWBERRY_SWEET,SPECIES_ALCREMIE_STRAWBERRY,0,offline_capable
665,SPECIES_MILCERY,EVO_ITEM,ITEM_BERRY_SWEET,SPECIES_ALCREMIE_BERRY,0,offline_capable
666,SPECIES_MILCERY,EVO_ITEM,ITEM_LOVE_SWEET,SPECIES_ALCREMIE_LOVE,0,offline_capable
667,SPECIES_MILCERY,EVO_ITEM,ITEM_CLOVER_SWEET,SPECIES_ALCREMIE_CLOVER,0,offline_capable
668,SPECIES_MILCERY,EVO_ITEM,ITEM_FLOWER_SWEET,SPECIES_ALCREMIE_FLOWER,0,offline_capable
669,SPECIES_MILCERY,EVO_ITEM,ITEM_RIBBON_SWEET,SPECIES_ALCREMIE_RIBBON,0,offline_capable
670,SPECIES_MILCERY,EVO_ITEM,ITEM_STAR_SWEET,SPECIES_ALCREMIE_STAR,0,offline_capable
671,SPECIES_ALCREMIE_STRAWBERRY,EVO_GIGANTAMAX,TRUE,SPECIES_ALCREMIE_GIGA,0,transformation
672,SPECIES_ALCREMIE_BERRY,EVO_GIGANTAMAX,TRUE,SPECIES_ALCREMIE_GIGA,0,transformation
673,SPECIES_ALCREMIE_LOVE,EVO_GIGANTAMAX,TRUE,SPECIES_ALCREMIE_GIGA,0,transformation
674,SPECIES_ALCREMIE_CLOVER,EVO_GIGANTAMAX,TRUE,SPECIES_ALCREMIE_GIGA,0,transformation
675,SPECIES_ALCREMIE_FLOWER,EVO_GIGANTAMAX,TRUE,SPECIES_ALCREMIE_GIGA,0,transformation
676,SPECIES_ALCREMIE_RIBBON,EVO_GIGANTAMAX,TRUE,SPECIES_ALCREMIE_GIGA,0,transformation
677,SPECIES_ALCREMIE_STAR,EVO_GIGANTAMAX,TRUE,SPECIES_ALCREMIE_GIGA,0,transformation
678,SPECIES_SNOM,EVO_FRIENDSHIP_NIGHT,0,SPECIES_FROSMOTH,0,offline_capable
679,SPECIES_CUFANT,EVO_LEVEL,34,SPECIES_COPPERAJAH,0,offline_capable
680,SPECIES_COPPERAJAH,EVO_GIGANTAMAX,TRUE,SPECIES_COPPERAJAH_GIGA,0,transformation
681,SPECIES_DURALUDON,EVO_ITEM,ITEM_METAL_ALLOY,SPECIES_ARCHALUDON,0,offline_capable
682,SPECIES_DURALUDON,EVO_GIGANTAMAX,TRUE,SPECIES_DURALUDON_GIGA,0,transformation
683,SPECIES_DREEPY,EVO_LEVEL,50,SPECIES_DRAKLOAK,0,offline_capable
684,SPECIES_DRAKLOAK,EVO_LEVEL,60,SPECIES_DRAGAPULT,0,offline_capable
685,SPECIES_KUBFU,EVO_ITEM,ITEM_DUSK_STONE,SPECIES_URSHIFU_SINGLE,0,offline_capable
686,SPECIES_KUBFU,EVO_ITEM,ITEM_WATER_STONE,SPECIES_URSHIFU_RAPID,0,offline_capable
687,SPECIES_URSHIFU_SINGLE,EVO_GIGANTAMAX,TRUE,SPECIES_URSHIFU_SINGLE_GIGA,0,transformation
688,SPECIES_URSHIFU_RAPID,EVO_GIGANTAMAX,TRUE,SPECIES_URSHIFU_RAPID_GIGA,0,transformation
689,SPECIES_MEOWTH_G,EVO_LEVEL,28,SPECIES_PERRSERKER,0,offline_capable
690,SPECIES_PONYTA_G,EVO_LEVEL,40,SPECIES_RAPIDASH_G,0,offline_capable
691,SPECIES_SLOWPOKE_G,EVO_ITEM,ITEM_GALARICA_CUFF,SPECIES_SLOWBRO_G,0,offline_capable
692,SPECIES_SLOWPOKE_G,EVO_ITEM,ITEM_GALARICA_WREATH,SPECIES_SLOWKING_G,0,offline_capable
693,SPECIES_FARFETCHD_G,EVO_CRITICAL_HIT,0,SPECIES_SIRFETCHD,0,offline_capable
694,SPECIES_KOFFING_G,EVO_LEVEL,35,SPECIES_WEEZING_G,0,offline_capable
695,SPECIES_MIME_JR_G,EVO_MOVE,MOVE_MIMIC,SPECIES_MR_MIME_G,0,offline_capable
696,SPECIES_MR_MIME_G,EVO_LEVEL,42,SPECIES_MR_RIME,0,offline_capable
697,SPECIES_CORSOLA_G,EVO_LEVEL,38,SPECIES_CURSOLA,0,offline_capable
698,SPECIES_ZIGZAGOON_G,EVO_LEVEL,20,SPECIES_LINOONE_G,0,offline_capable
699,SPECIES_LINOONE_G,EVO_LEVEL_NIGHT,35,SPECIES_OBSTAGOON,0,offline_capable
700,SPECIES_DARUMAKA_G,EVO_ITEM,ITEM_ICE_STONE,SPECIES_DARMANITAN_G,0,offline_capable
701,SPECIES_YAMASK_G,EVO_LEVEL,35,SPECIES_RUNERIGUS,0,offline_capable
702,SPECIES_GROWLITHE_H,EVO_ITEM,ITEM_FIRE_STONE,SPECIES_ARCANINE_H,0,offline_capable
703,SPECIES_VOLTORB_H,EVO_ITEM,ITEM_LEAF_STONE,SPECIES_ELECTRODE_H,0,offline_capable
704,SPECIES_QWILFISH_H,EVO_MOVE,MOVE_BARBBARRAGE,SPECIES_OVERQWIL,0,offline_capable
705,SPECIES_SNEASEL_H,EVO_HOLD_ITEM_DAY,ITEM_RAZOR_CLAW,SPECIES_SNEASLER,0,offline_capable
706,SPECIES_BASCULIN_H,EVO_MOVE_MALE,MOVE_WAVECRASH,SPECIES_BASCULEGION_M,0,offline_capable
707,SPECIES_BASCULIN_H,EVO_MOVE_FEMALE,MOVE_WAVECRASH,SPECIES_BASCULEGION_F,0,offline_capable
708,SPECIES_ZORUA_H,EVO_LEVEL,30,SPECIES_ZOROARK_H,0,offline_capable
709,SPECIES_SLIGGOO_H,EVO_RAINY_FOGGY_OW,50,SPECIES_GOODRA_H,0,offline_capable
710,SPECIES_SPRIGATITO,EVO_LEVEL,16,SPECIES_FLORAGATO,0,offline_capable
711,SPECIES_FLORAGATO,EVO_LEVEL,36,SPECIES_MEOWSCARADA,0,offline_capable
712,SPECIES_FUECOCO,EVO_LEVEL,16,SPECIES_CROCALOR,0,offline_capable
713,SPECIES_CROCALOR,EVO_LEVEL,36,SPECIES_SKELEDIRGE,0,offline_capable
714,SPECIES_QUAXLY,EVO_LEVEL,16,SPECIES_QUAXWELL,0,offline_capable
715,SPECIES_QUAXWELL,EVO_LEVEL,36,SPECIES_QUAQUAVAL,0,offline_capable
716,SPECIES_LECHONK,EVO_MALE_LEVEL,18,SPECIES_OINKOLOGNE,0,offline_capable
717,SPECIES_LECHONK,EVO_FEMALE_LEVEL,18,SPECIES_OINKOLOGNE_FEMALE,0,offline_capable
718,SPECIES_TAROUNTULA,EVO_LEVEL,15,SPECIES_SPIDOPS,0,offline_capable
719,SPECIES_NYMBLE,EVO_LEVEL,24,SPECIES_LOKIX,0,offline_capable
720,SPECIES_RELLOR,EVO_FRIENDSHIP,0,SPECIES_RABSCA,0,offline_capable
721,SPECIES_GREAVARD,EVO_LEVEL_NIGHT,30,SPECIES_HOUNDSTONE,0,offline_capable
722,SPECIES_FLITTLE,EVO_LEVEL,35,SPECIES_ESPATHRA,0,offline_capable
723,SPECIES_WIGLETT,EVO_LEVEL,26,SPECIES_WUGTRIO,0,offline_capable
724,SPECIES_FINIZEN,EVO_LEVEL,38,SPECIES_PALAFIN,0,offline_capable
725,SPECIES_SMOLIV,EVO_LEVEL,25,SPECIES_DOLLIV,0,offline_capable
726,SPECIES_DOLLIV,EVO_LEVEL,35,SPECIES_ARBOLIVA,0,offline_capable
727,SPECIES_CAPSAKID,EVO_ITEM,ITEM_FIRE_STONE,SPECIES_SCOVILLAIN,0,offline_capable
728,SPECIES_TADBULB,EVO_ITEM,ITEM_THUNDER_STONE,SPECIES_BELLIBOLT,0,offline_capable
729,SPECIES_VAROOM,EVO_LEVEL,40,SPECIES_REVAVROOM,0,offline_capable
730,SPECIES_TANDEMAUS,EVO_MAUSHOLD_THREE,25,SPECIES_MAUSHOLD,0,offline_capable
731,SPECIES_TANDEMAUS,EVO_MAUSHOLD_FOUR,25,SPECIES_MAUSHOLD_FOUR,0,offline_capable
732,SPECIES_CETODDLE,EVO_ITEM,ITEM_ICE_STONE,SPECIES_CETITAN,0,offline_capable
733,SPECIES_FRIGIBAX,EVO_LEVEL,35,SPECIES_ARCTIBAX,0,offline_capable
734,SPECIES_ARCTIBAX,EVO_LEVEL,54,SPECIES_BAXCALIBUR,0,offline_capable
735,SPECIES_PAWMI,EVO_LEVEL,18,SPECIES_PAWMO,0,offline_capable
736,SPECIES_PAWMO,EVO_FRIENDSHIP,0,SPECIES_PAWMOT,0,offline_capable
737,SPECIES_WATTREL,EVO_LEVEL,25,SPECIES_KILOWATTREL,0,offline_capable
738,SPECIES_NACLI,EVO_LEVEL,24,SPECIES_NACLSTACK,0,offline_capable
739,SPECIES_NACLSTACK,EVO_LEVEL,38,SPECIES_GARGANACL,0,offline_capable
740,SPECIES_GLIMMET,EVO_LEVEL,35,SPECIES_GLIMMORA,0,offline_capable
741,SPECIES_SHROODLE,EVO_LEVEL,28,SPECIES_GRAFAIAI,0,offline_capable
742,SPECIES_FIDOUGH,EVO_LEVEL,26,SPECIES_DACHSBUN,0,offline_capable
743,SPECIES_MASCHIFF,EVO_LEVEL,30,SPECIES_MABOSSTIFF,0,offline_capable
744,SPECIES_BRAMBLIN,EVO_FRIENDSHIP,1000,SPECIES_BRAMBLEGHAST,0,offline_capable
745,SPECIES_GIMMIGHOUL,EVO_COINS,2999,SPECIES_GHOLDENGO,0,offline_capable
746,SPECIES_GIMMIGHOUL_ROAMING,EVO_COINS,2999,SPECIES_GHOLDENGO,0,offline_capable
747,SPECIES_TINKATINK,EVO_LEVEL,24,SPECIES_TINKATUFF,0,offline_capable
748,SPECIES_TINKATUFF,EVO_LEVEL,38,SPECIES_TINKATON,0,offline_capable
749,SPECIES_CHARCADET,EVO_ITEM,ITEM_AUSPICIOUS_ARMOR,SPECIES_ARMAROUGE,0,offline_capable
750,SPECIES_CHARCADET,EVO_ITEM,ITEM_MALICIOUS_ARMOR,SPECIES_CERULEDGE,0,offline_capable
751,SPECIES_TOEDSCOOL,EVO_LEVEL,30,SPECIES_TOEDSCRUEL,0,offline_capable
752,SPECIES_WOOPER_P,EVO_LEVEL,20,SPECIES_CLODSIRE,0,offline_capable
753,SPECIES_DIPPLIN,EVO_MOVE,MOVE_DRAGONCHEER,SPECIES_HYDRAPPLE,0,offline_capable
754,SPECIES_POLTCHAGEIST,EVO_ITEM,ITEM_UNREMARKABLE_TEACUP,SPECIES_SINISTCHA,0,offline_capable
755,SPECIES_POLTCHAGEIST_ARTISAN,EVO_ITEM,ITEM_MASTERPIECE_TEACUP,SPECIES_SINISTCHA_MASTERPIECE,0,offline_capable
756,SPECIES_CLEFABLE,EVO_MEGA,ITEM_CLEFABLITE,SPECIES_CLEFABLE_MEGA,MEGA_VARIANT_STANDARD,transformation
757,SPECIES_VICTREEBEL,EVO_MEGA,ITEM_VICTREEBELITE,SPECIES_VICTREEBEL_MEGA,MEGA_VARIANT_STANDARD,transformation
758,SPECIES_STARMIE,EVO_MEGA,ITEM_STARMINITE,SPECIES_STARMIE_MEGA,MEGA_VARIANT_STANDARD,transformation
759,SPECIES_DRAGONITE,EVO_MEGA,ITEM_DRAGONINITE,SPECIES_DRAGONITE_MEGA,MEGA_VARIANT_STANDARD,transformation
760,SPECIES_MEGANIUM,EVO_MEGA,ITEM_MEGANIUMITE,SPECIES_MEGANIUM_MEGA,MEGA_VARIANT_STANDARD,transformation
761,SPECIES_FERALIGATR,EVO_MEGA,ITEM_FERALIGITE,SPECIES_FERALIGATR_MEGA,MEGA_VARIANT_STANDARD,transformation
762,SPECIES_SKARMORY,EVO_MEGA,ITEM_SKARMORITE,SPECIES_SKARMORY_MEGA,MEGA_VARIANT_STANDARD,transformation
763,SPECIES_FROSLASS,EVO_MEGA,ITEM_FROSLASSITE,SPECIES_FROSLASS_MEGA,MEGA_VARIANT_STANDARD,transformation
764,SPECIES_EMBOAR,EVO_MEGA,ITEM_EMBOARITE,SPECIES_EMBOAR_MEGA,MEGA_VARIANT_STANDARD,transformation
765,SPECIES_EXCADRILL,EVO_MEGA,ITEM_EXCADRITE,SPECIES_EXCADRILL_MEGA,MEGA_VARIANT_STANDARD,transformation
766,SPECIES_SCOLIPEDE,EVO_MEGA,ITEM_SCOLIPITE,SPECIES_SCOLIPEDE_MEGA,MEGA_VARIANT_STANDARD,transformation
767,SPECIES_SCRAFTY,EVO_MEGA,ITEM_SCRAFTINITE,SPECIES_SCRAFTY_MEGA,MEGA_VARIANT_STANDARD,transformation
768,SPECIES_EELEKTROSS,EVO_MEGA,ITEM_EELEKTROSSITE,SPECIES_EELEKTROSS_MEGA,MEGA_VARIANT_STANDARD,transformation
769,SPECIES_CHANDELURE,EVO_MEGA,ITEM_CHANDELURITE,SPECIES_CHANDELURE_MEGA,MEGA_VARIANT_STANDARD,transformation
770,SPECIES_CHESNAUGHT,EVO_MEGA,ITEM_CHESNAUGHTITE,SPECIES_CHESNAUGHT_MEGA,MEGA_VARIANT_STANDARD,transformation
771,SPECIES_DELPHOX,EVO_MEGA,ITEM_DELPHOXITE,SPECIES_DELPHOX_MEGA,MEGA_VARIANT_STANDARD,transformation
772,SPECIES_GRENINJA,EVO_MEGA,ITEM_GRENINJITE,SPECIES_GRENINJA_MEGA,MEGA_VARIANT_STANDARD,transformation
773,SPECIES_PYROAR,EVO_MEGA,ITEM_PYROARITE,SPECIES_PYROAR_MEGA,MEGA_VARIANT_STANDARD,transformation
774,SPECIES_MALAMAR,EVO_MEGA,ITEM_MALAMARITE,SPECIES_MALAMAR_MEGA,MEGA_VARIANT_STANDARD,transformation
775,SPECIES_DRAGALGE,EVO_MEGA,ITEM_DRAGALGITE,SPECIES_DRAGALGE_MEGA,MEGA_VARIANT_STANDARD,transformation
776,SPECIES_HAWLUCHA,EVO_MEGA,ITEM_HAWLUCHANITE,SPECIES_HAWLUCHA_MEGA,MEGA_VARIANT_STANDARD,transformation
777,SPECIES_BARBARACLE,EVO_MEGA,ITEM_BARBARACITE,SPECIES_BARBARACLE_MEGA,MEGA_VARIANT_STANDARD,transformation
778,SPECIES_ZYGARDE,EVO_MEGA,ITEM_ZYGARDITE,SPECIES_ZYGARDE_MEGA,MEGA_VARIANT_STANDARD,transformation
779,SPECIES_DRAMPA,EVO_MEGA,ITEM_DRAMPANITE,SPECIES_DRAMPA_MEGA,MEGA_VARIANT_STANDARD,transformation
780,SPECIES_FALINKS,EVO_MEGA,ITEM_FALINKSITE,SPECIES_FALINKS_MEGA,MEGA_VARIANT_STANDARD,transformation
781,SPECIES_HEATRAN,EVO_MEGA,ITEM_HEATRANITE,SPECIES_HEATRAN_MEGA,MEGA_VARIANT_STANDARD,transformation
782,SPECIES_DARKRAI,EVO_MEGA,ITEM_DARKRANITE,SPECIES_DARKRAI_MEGA,MEGA_VARIANT_STANDARD,transformation
783,SPECIES_ZERAORA,EVO_MEGA,ITEM_ZERAORITE,SPECIES_ZERAORA_MEGA,MEGA_VARIANT_STANDARD,transformation
784,SPECIES_RAICHU,EVO_MEGA,ITEM_RAICHUNITE_X,SPECIES_RAICHU_MEGA_X,MEGA_VARIANT_STANDARD,transformation
785,SPECIES_RAICHU,EVO_MEGA,ITEM_RAICHUNITE_Y,SPECIES_RAICHU_MEGA_Y,MEGA_VARIANT_STANDARD,transformation
786,SPECIES_CHIMECHO,EVO_MEGA,ITEM_CHIMECHITE,SPECIES_CHIMECHO_MEGA,MEGA_VARIANT_STANDARD,transformation
787,SPECIES_STARAPTOR,EVO_MEGA,ITEM_STARAPTITE,SPECIES_STARAPTOR_MEGA,MEGA_VARIANT_STANDARD,transformation
788,SPECIES_GOLURK,EVO_MEGA,ITEM_GOLURKITE,SPECIES_GOLURK_MEGA,MEGA_VARIANT_STANDARD,transformation
789,SPECIES_MEOWSTIC,EVO_MEGA,ITEM_MEOWSTICITE,SPECIES_MEOWSTIC_M_MEGA,MEGA_VARIANT_STANDARD,transformation
790,SPECIES_MEOWSTIC_FEMALE,EVO_MEGA,ITEM_MEOWSTICITE,SPECIES_MEOWSTIC_F_MEGA,MEGA_VARIANT_STANDARD,transformation
791,SPECIES_CRABOMINABLE,EVO_MEGA,ITEM_CRABOMINITE,SPECIES_CRABOMINABLE_MEGA,MEGA_VARIANT_STANDARD,transformation
792,SPECIES_GOLISOPOD,EVO_MEGA,ITEM_GOLISOPITE,SPECIES_GOLISOPOD_MEGA,MEGA_VARIANT_STANDARD,transformation
793,SPECIES_MAGEARNA,EVO_MEGA,ITEM_MAGEARNITE,SPECIES_MAGEARNA_MEGA,MEGA_VARIANT_STANDARD,transformation
794,SPECIES_MAGEARNA_P,EVO_MEGA,ITEM_MAGEARNITE,SPECIES_MAGEARNA_ORIGINAL_MEGA,MEGA_VARIANT_STANDARD,transformation
795,SPECIES_SCOVILLAIN,EVO_MEGA,ITEM_SCOVILLAINITE,SPECIES_SCOVILLAIN_MEGA,MEGA_VARIANT_STANDARD,transformation
796,SPECIES_BAXCALIBUR,EVO_MEGA,ITEM_BAXCALIBRITE,SPECIES_BAXCALIBUR_MEGA,MEGA_VARIANT_STANDARD,transformation
797,SPECIES_TATSUGIRI,EVO_MEGA,ITEM_TATSUGIRINITE,SPECIES_TATSUGIRI_CURLY_MEGA,MEGA_VARIANT_STANDARD,transformation
798,SPECIES_TATSUGIRI_RED,EVO_MEGA,ITEM_TATSUGIRINITE,SPECIES_TATSUGIRI_DROOPY_MEGA,MEGA_VARIANT_STANDARD,transformation
799,SPECIES_TATSUGIRI_YELLOW,EVO_MEGA,ITEM_TATSUGIRINITE,SPECIES_TATSUGIRI_STRETCHY_MEGA,MEGA_VARIANT_STANDARD,transformation
800,SPECIES_GLIMMORA,EVO_MEGA,ITEM_GLIMMORANITE,SPECIES_GLIMMORA_MEGA,MEGA_VARIANT_STANDARD,transformation
801,SPECIES_VENUSAUR_GIGA,EVO_GIGANTAMAX,FALSE,SPECIES_VENUSAUR,0,transformation
802,SPECIES_CHARIZARD_GIGA,EVO_GIGANTAMAX,FALSE,SPECIES_CHARIZARD,0,transformation
803,SPECIES_BLASTOISE_GIGA,EVO_GIGANTAMAX,FALSE,SPECIES_BLASTOISE,0,transformation
804,SPECIES_BUTTERFREE_GIGA,EVO_GIGANTAMAX,FALSE,SPECIES_BUTTERFREE,0,transformation
805,SPECIES_PIKACHU_GIGA,EVO_GIGANTAMAX,FALSE,SPECIES_PIKACHU,0,transformation
806,SPECIES_MEOWTH_GIGA,EVO_GIGANTAMAX,FALSE,SPECIES_MEOWTH,0,transformation
807,SPECIES_MACHAMP_GIGA,EVO_GIGANTAMAX,FALSE,SPECIES_MACHAMP,0,transformation
808,SPECIES_GENGAR_GIGA,EVO_GIGANTAMAX,FALSE,SPECIES_GENGAR,0,transformation
809,SPECIES_KINGLER_GIGA,EVO_GIGANTAMAX,FALSE,SPECIES_KINGLER,0,transformation
810,SPECIES_LAPRAS_GIGA,EVO_GIGANTAMAX,FALSE,SPECIES_LAPRAS,0,transformation
811,SPECIES_EEVEE_GIGA,EVO_GIGANTAMAX,FALSE,SPECIES_EEVEE,0,transformation
812,SPECIES_SNORLAX_GIGA,EVO_GIGANTAMAX,FALSE,SPECIES_SNORLAX,0,transformation
813,SPECIES_GARBODOR_GIGA,EVO_GIGANTAMAX,FALSE,SPECIES_GARBODOR,0,transformation
814,SPECIES_MELMETAL_GIGA,EVO_GIGANTAMAX,FALSE,SPECIES_MELMETAL,0,transformation
815,SPECIES_RILLABOOM_GIGA,EVO_GIGANTAMAX,FALSE,SPECIES_RILLABOOM,0,transformation
816,SPECIES_CINDERACE_GIGA,EVO_GIGANTAMAX,FALSE,SPECIES_CINDERACE,0,transformation
817,SPECIES_INTELEON_GIGA,EVO_GIGANTAMAX,FALSE,SPECIES_INTELEON,0,transformation
818,SPECIES_CORVIKNIGHT_GIGA,EVO_GIGANTAMAX,FALSE,SPECIES_CORVIKNIGHT,0,transformation
819,SPECIES_ORBEETLE_GIGA,EVO_GIGANTAMAX,FALSE,SPECIES_ORBEETLE,0,transformation
820,SPECIES_DREDNAW_GIGA,EVO_GIGANTAMAX,FALSE,SPECIES_DREDNAW,0,transformation
821,SPECIES_COALOSSAL_GIGA,EVO_GIGANTAMAX,FALSE,SPECIES_COALOSSAL,0,transformation
822,SPECIES_FLAPPLE_GIGA,EVO_GIGANTAMAX,FALSE,SPECIES_FLAPPLE,0,transformation
823,SPECIES_APPLETUN_GIGA,EVO_GIGANTAMAX,FALSE,SPECIES_APPLETUN,0,transformation
824,SPECIES_SANDACONDA_GIGA,EVO_GIGANTAMAX,FALSE,SPECIES_SANDACONDA,0,transformation
825,SPECIES_TOXTRICITY_GIGA,EVO_GIGANTAMAX,FALSE,SPECIES_TOXTRICITY,0,transformation
826,SPECIES_TOXTRICITY_LOW_KEY_GIGA,EVO_GIGANTAMAX,FALSE,SPECIES_TOXTRICITY_LOW_KEY,0,transformation
827,SPECIES_CENTISKORCH_GIGA,EVO_GIGANTAMAX,FALSE,SPECIES_CENTISKORCH,0,transformation
828,SPECIES_HATTERENE_GIGA,EVO_GIGANTAMAX,FALSE,SPECIES_HATTERENE,0,transformation
829,SPECIES_GRIMMSNARL_GIGA,EVO_GIGANTAMAX,FALSE,SPECIES_GRIMMSNARL,0,transformation
830,SPECIES_ALCREMIE_GIGA,EVO_GIGANTAMAX,FALSE,SPECIES_ALCREMIE_STRAWBERRY,0,transformation
831,SPECIES_COPPERAJAH_GIGA,EVO_GIGANTAMAX,FALSE,SPECIES_COPPERAJAH,0,transformation
832,SPECIES_DURALUDON_GIGA,EVO_GIGANTAMAX,FALSE,SPECIES_DURALUDON,0,transformation
833,SPECIES_URSHIFU_SINGLE_GIGA,EVO_GIGANTAMAX,FALSE,SPECIES_URSHIFU_SINGLE,0,transformation
834,SPECIES_URSHIFU_RAPID_GIGA,EVO_GIGANTAMAX,FALSE,SPECIES_URSHIFU_RAPID,0,transformation
835,SPECIES_CLEFABLE_MEGA,EVO_MEGA,ITEM_NONE,SPECIES_CLEFABLE,MEGA_VARIANT_STANDARD,transformation
836,SPECIES_VICTREEBEL_MEGA,EVO_MEGA,ITEM_NONE,SPECIES_VICTREEBEL,MEGA_VARIANT_STANDARD,transformation
837,SPECIES_STARMIE_MEGA,EVO_MEGA,ITEM_NONE,SPECIES_STARMIE,MEGA_VARIANT_STANDARD,transformation
838,SPECIES_DRAGONITE_MEGA,EVO_MEGA,ITEM_NONE,SPECIES_DRAGONITE,MEGA_VARIANT_STANDARD,transformation
839,SPECIES_MEGANIUM_MEGA,EVO_MEGA,ITEM_NONE,SPECIES_MEGANIUM,MEGA_VARIANT_STANDARD,transformation
840,SPECIES_FERALIGATR_MEGA,EVO_MEGA,ITEM_NONE,SPECIES_FERALIGATR,MEGA_VARIANT_STANDARD,transformation
841,SPECIES_SKARMORY_MEGA,EVO_MEGA,ITEM_NONE,SPECIES_SKARMORY,MEGA_VARIANT_STANDARD,transformation
842,SPECIES_FROSLASS_MEGA,EVO_MEGA,ITEM_NONE,SPECIES_FROSLASS,MEGA_VARIANT_STANDARD,transformation
843,SPECIES_EMBOAR_MEGA,EVO_MEGA,ITEM_NONE,SPECIES_EMBOAR,MEGA_VARIANT_STANDARD,transformation
844,SPECIES_EXCADRILL_MEGA,EVO_MEGA,ITEM_NONE,SPECIES_EXCADRILL,MEGA_VARIANT_STANDARD,transformation
845,SPECIES_SCOLIPEDE_MEGA,EVO_MEGA,ITEM_NONE,SPECIES_SCOLIPEDE,MEGA_VARIANT_STANDARD,transformation
846,SPECIES_SCRAFTY_MEGA,EVO_MEGA,ITEM_NONE,SPECIES_SCRAFTY,MEGA_VARIANT_STANDARD,transformation
847,SPECIES_EELEKTROSS_MEGA,EVO_MEGA,ITEM_NONE,SPECIES_EELEKTROSS,MEGA_VARIANT_STANDARD,transformation
848,SPECIES_CHANDELURE_MEGA,EVO_MEGA,ITEM_NONE,SPECIES_CHANDELURE,MEGA_VARIANT_STANDARD,transformation
849,SPECIES_CHESNAUGHT_MEGA,EVO_MEGA,ITEM_NONE,SPECIES_CHESNAUGHT,MEGA_VARIANT_STANDARD,transformation
850,SPECIES_DELPHOX_MEGA,EVO_MEGA,ITEM_NONE,SPECIES_DELPHOX,MEGA_VARIANT_STANDARD,transformation
851,SPECIES_GRENINJA_MEGA,EVO_MEGA,ITEM_NONE,SPECIES_GRENINJA,MEGA_VARIANT_STANDARD,transformation
852,SPECIES_PYROAR_MEGA,EVO_MEGA,ITEM_NONE,SPECIES_PYROAR,MEGA_VARIANT_STANDARD,transformation
853,SPECIES_MALAMAR_MEGA,EVO_MEGA,ITEM_NONE,SPECIES_MALAMAR,MEGA_VARIANT_STANDARD,transformation
854,SPECIES_DRAGALGE_MEGA,EVO_MEGA,ITEM_NONE,SPECIES_DRAGALGE,MEGA_VARIANT_STANDARD,transformation
855,SPECIES_HAWLUCHA_MEGA,EVO_MEGA,ITEM_NONE,SPECIES_HAWLUCHA,MEGA_VARIANT_STANDARD,transformation
856,SPECIES_FLOETTE_MEGA,EVO_MEGA,ITEM_NONE,SPECIES_FLOETTE,MEGA_VARIANT_STANDARD,transformation
857,SPECIES_BARBARACLE_MEGA,EVO_MEGA,ITEM_NONE,SPECIES_BARBARACLE,MEGA_VARIANT_STANDARD,transformation
858,SPECIES_ZYGARDE_MEGA,EVO_MEGA,ITEM_NONE,SPECIES_ZYGARDE,MEGA_VARIANT_STANDARD,transformation
859,SPECIES_DRAMPA_MEGA,EVO_MEGA,ITEM_NONE,SPECIES_DRAMPA,MEGA_VARIANT_STANDARD,transformation
860,SPECIES_FALINKS_MEGA,EVO_MEGA,ITEM_NONE,SPECIES_FALINKS,MEGA_VARIANT_STANDARD,transformation
861,SPECIES_HEATRAN_MEGA,EVO_MEGA,ITEM_NONE,SPECIES_HEATRAN,MEGA_VARIANT_STANDARD,transformation
862,SPECIES_DARKRAI_MEGA,EVO_MEGA,ITEM_NONE,SPECIES_DARKRAI,MEGA_VARIANT_STANDARD,transformation
863,SPECIES_ZERAORA_MEGA,EVO_MEGA,ITEM_NONE,SPECIES_ZERAORA,MEGA_VARIANT_STANDARD,transformation
864,SPECIES_RAICHU_MEGA_X,EVO_MEGA,ITEM_NONE,SPECIES_RAICHU,MEGA_VARIANT_STANDARD,transformation
865,SPECIES_RAICHU_MEGA_Y,EVO_MEGA,ITEM_NONE,SPECIES_RAICHU,MEGA_VARIANT_STANDARD,transformation
866,SPECIES_CHIMECHO_MEGA,EVO_MEGA,ITEM_NONE,SPECIES_CHIMECHO,MEGA_VARIANT_STANDARD,transformation
867,SPECIES_ABSOL_MEGA_Z,EVO_MEGA,ITEM_NONE,SPECIES_ABSOL,MEGA_VARIANT_STANDARD,transformation
868,SPECIES_STARAPTOR_MEGA,EVO_MEGA,ITEM_NONE,SPECIES_STARAPTOR,MEGA_VARIANT_STANDARD,transformation
869,SPECIES_GARCHOMP_MEGA_Z,EVO_MEGA,ITEM_NONE,SPECIES_GARCHOMP,MEGA_VARIANT_STANDARD,transformation
870,SPECIES_LUCARIO_MEGA_Z,EVO_MEGA,ITEM_NONE,SPECIES_LUCARIO,MEGA_VARIANT_STANDARD,transformation
871,SPECIES_GOLURK_MEGA,EVO_MEGA,ITEM_NONE,SPECIES_GOLURK,MEGA_VARIANT_STANDARD,transformation
872,SPECIES_MEOWSTIC_M_MEGA,EVO_MEGA,ITEM_NONE,SPECIES_MEOWSTIC,MEGA_VARIANT_STANDARD,transformation
873,SPECIES_MEOWSTIC_F_MEGA,EVO_MEGA,ITEM_NONE,SPECIES_MEOWSTIC_FEMALE,MEGA_VARIANT_STANDARD,transformation
874,SPECIES_CRABOMINABLE_MEGA,EVO_MEGA,ITEM_NONE,SPECIES_CRABOMINABLE,MEGA_VARIANT_STANDARD,transformation
875,SPECIES_GOLISOPOD_MEGA,EVO_MEGA,ITEM_NONE,SPECIES_GOLISOPOD,MEGA_VARIANT_STANDARD,transformation
876,SPECIES_MAGEARNA_MEGA,EVO_MEGA,ITEM_NONE,SPECIES_MAGEARNA,MEGA_VARIANT_STANDARD,transformation
877,SPECIES_MAGEARNA_ORIGINAL_MEGA,EVO_MEGA,ITEM_NONE,SPECIES_MAGEARNA_P,MEGA_VARIANT_STANDARD,transformation
878,SPECIES_SCOVILLAIN_MEGA,EVO_MEGA,ITEM_NONE,SPECIES_SCOVILLAIN,MEGA_VARIANT_STANDARD,transformation
879,SPECIES_BAXCALIBUR_MEGA,EVO_MEGA,ITEM_NONE,SPECIES_BAXCALIBUR,MEGA_VARIANT_STANDARD,transformation
880,SPECIES_TATSUGIRI_CURLY_MEGA,EVO_MEGA,ITEM_NONE,SPECIES_TATSUGIRI,MEGA_VARIANT_STANDARD,transformation
881,SPECIES_TATSUGIRI_DROOPY_MEGA,EVO_MEGA,ITEM_NONE,SPECIES_TATSUGIRI_RED,MEGA_VARIANT_STANDARD,transformation
882,SPECIES_TATSUGIRI_STRETCHY_MEGA,EVO_MEGA,ITEM_NONE,SPECIES_TATSUGIRI_YELLOW,MEGA_VARIANT_STANDARD,transformation
883,SPECIES_GLIMMORA_MEGA,EVO_MEGA,ITEM_NONE,SPECIES_GLIMMORA,MEGA_VARIANT_STANDARD,transformation
