base_species,target_form,route_category,trigger_item,trigger_location,item_consumed,reversible,battle_only,acquisition_method,implementation_status,handler_type,handler_symbol,script_symbol,notes
derived_from_species_constant,SPECIES_NIDORAN_F,ENCOUNTER_OR_EVOLUTION_LOCKED,,,false,false,false,encounter_or_evolution,NOT_IMPLEMENTED,PENDING,,,internal id 0x1D
derived_from_species_constant,SPECIES_NIDORAN_M,ENCOUNTER_OR_EVOLUTION_LOCKED,,,false,false,false,encounter_or_evolution,NOT_IMPLEMENTED,PENDING,,,internal id 0x20
derived_from_species_constant,SPECIES_MR_MIME,ENCOUNTER_OR_EVOLUTION_LOCKED,,,false,false,false,encounter_or_evolution,NOT_IMPLEMENTED,PENDING,,,internal id 0x7A
derived_from_species_constant,SPECIES_HO_OH,UNSUPPORTED_PLACEHOLDER,,,false,false,false,form_lab_review,NOT_IMPLEMENTED,PENDING,,,internal id 0xFA
derived_from_species_constant,SPECIES_CLEFABLE_MEGA,BATTLE_ONLY,,,false,false,true,battle_engine,IMPLEMENTED_UNVERIFIED,BATTLE_ENGINE,DoFormChange,,internal id 0x5A0
derived_from_species_constant,SPECIES_VICTREEBEL_MEGA,BATTLE_ONLY,,,false,false,true,battle_engine,IMPLEMENTED_UNVERIFIED,BATTLE_ENGINE,DoFormChange,,internal id 0x5A1
derived_from_species_constant,SPECIES_STARMIE_MEGA,BATTLE_ONLY,,,false,false,true,battle_engine,IMPLEMENTED_UNVERIFIED,BATTLE_ENGINE,DoFormChange,,internal id 0x5A2
derived_from_species_constant,SPECIES_DRAGONITE_MEGA,BATTLE_ONLY,,,false,false,true,battle_engine,IMPLEMENTED_UNVERIFIED,BATTLE_ENGINE,DoFormChange,,internal id 0x5A3
derived_from_species_constant,SPECIES_MEGANIUM_MEGA,BATTLE_ONLY,,,false,false,true,battle_engine,IMPLEMENTED_UNVERIFIED,BATTLE_ENGINE,DoFormChange,,internal id 0x5A4
derived_from_species_constant,SPECIES_FERALIGATR_MEGA,BATTLE_ONLY,,,false,false,true,battle_engine,IMPLEMENTED_UNVERIFIED,BATTLE_ENGINE,DoFormChange,,internal id 0x5A5
derived_from_species_constant,SPECIES_SKARMORY_MEGA,BATTLE_ONLY,,,false,false,true,battle_engine,IMPLEMENTED_UNVERIFIED,BATTLE_ENGINE,DoFormChange,,internal id 0x5A6
derived_from_species_constant,SPECIES_FROSLASS_MEGA,BATTLE_ONLY,,,false,false,true,battle_engine,IMPLEMENTED_UNVERIFIED,BATTLE_ENGINE,DoFormChange,,internal id 0x5A7
derived_from_species_constant,SPECIES_EMBOAR_MEGA,BATTLE_ONLY,,,false,false,true,battle_engine,IMPLEMENTED_UNVERIFIED,BATTLE_ENGINE,DoFormChange,,internal id 0x5A8
derived_from_species_constant,SPECIES_EXCADRILL_MEGA,BATTLE_ONLY,,,false,false,true,battle_engine,IMPLEMENTED_UNVERIFIED,BATTLE_ENGINE,DoFormChange,,internal id 0x5A9
derived_from_species_constant,SPECIES_SCOLIPEDE_MEGA,BATTLE_ONLY,,,false,false,true,battle_engine,IMPLEMENTED_UNVERIFIED,BATTLE_ENGINE,DoFormChange,,internal id 0x5AA
derived_from_species_constant,SPECIES_SCRAFTY_MEGA,BATTLE_ONLY,,,false,false,true,battle_engine,IMPLEMENTED_UNVERIFIED,BATTLE_ENGINE,DoFormChange,,internal id 0x5AB
derived_from_species_constant,SPECIES_EELEKTROSS_MEGA,BATTLE_ONLY,,,false,false,true,battle_engine,IMPLEMENTED_UNVERIFIED,BATTLE_ENGINE,DoFormChange,,internal id 0x5AC
derived_from_species_constant,SPECIES_CHANDELURE_MEGA,BATTLE_ONLY,,,false,false,true,battle_engine,IMPLEMENTED_UNVERIFIED,BATTLE_ENGINE,DoFormChange,,internal id 0x5AD
derived_from_species_constant,SPECIES_CHESNAUGHT_MEGA,BATTLE_ONLY,,,false,false,true,battle_engine,IMPLEMENTED_UNVERIFIED,BATTLE_ENGINE,DoFormChange,,internal id 0x5AE
derived_from_species_constant,SPECIES_DELPHOX_MEGA,BATTLE_ONLY,,,false,false,true,battle_engine,IMPLEMENTED_UNVERIFIED,BATTLE_ENGINE,DoFormChange,,internal id 0x5AF
derived_from_species_constant,SPECIES_GRENINJA_MEGA,BATTLE_ONLY,,,false,false,true,battle_engine,IMPLEMENTED_UNVERIFIED,BATTLE_ENGINE,DoFormChange,,internal id 0x5B0
derived_from_species_constant,SPECIES_PYROAR_MEGA,BATTLE_ONLY,,,false,false,true,battle_engine,IMPLEMENTED_UNVERIFIED,BATTLE_ENGINE,DoFormChange,,internal id 0x5B1
derived_from_species_constant,SPECIES_MALAMAR_MEGA,BATTLE_ONLY,,,false,false,true,battle_engine,IMPLEMENTED_UNVERIFIED,BATTLE_ENGINE,DoFormChange,,internal id 0x5B2
derived_from_species_constant,SPECIES_DRAGALGE_MEGA,BATTLE_ONLY,,,false,false,true,battle_engine,IMPLEMENTED_UNVERIFIED,BATTLE_ENGINE,DoFormChange,,internal id 0x5B3
derived_from_species_constant,SPECIES_HAWLUCHA_MEGA,BATTLE_ONLY,,,false,false,true,battle_engine,IMPLEMENTED_UNVERIFIED,BATTLE_ENGINE,DoFormChange,,internal id 0x5B4
derived_from_species_constant,SPECIES_FLOETTE_MEGA,BATTLE_ONLY,,,false,false,true,battle_engine,IMPLEMENTED_UNVERIFIED,BATTLE_ENGINE,DoFormChange,,internal id 0x5B5
derived_from_species_constant,SPECIES_BARBARACLE_MEGA,BATTLE_ONLY,,,false,false,true,battle_engine,IMPLEMENTED_UNVERIFIED,BATTLE_ENGINE,DoFormChange,,internal id 0x5B6
derived_from_species_constant,SPECIES_ZYGARDE_MEGA,BATTLE_ONLY,,,false,false,true,battle_engine,IMPLEMENTED_UNVERIFIED,BATTLE_ENGINE,DoFormChange,,internal id 0x5B7
derived_from_species_constant,SPECIES_DRAMPA_MEGA,BATTLE_ONLY,,,false,false,true,battle_engine,IMPLEMENTED_UNVERIFIED,BATTLE_ENGINE,DoFormChange,,internal id 0x5B8
derived_from_species_constant,SPECIES_FALINKS_MEGA,BATTLE_ONLY,,,false,false,true,battle_engine,IMPLEMENTED_UNVERIFIED,BATTLE_ENGINE,DoFormChange,,internal id 0x5B9
derived_from_species_constant,SPECIES_HEATRAN_MEGA,BATTLE_ONLY,,,false,false,true,battle_engine,IMPLEMENTED_UNVERIFIED,BATTLE_ENGINE,DoFormChange,,internal id 0x5BA
derived_from_species_constant,SPECIES_DARKRAI_MEGA,BATTLE_ONLY,,,false,false,true,battle_engine,IMPLEMENTED_UNVERIFIED,BATTLE_ENGINE,DoFormChange,,internal id 0x5BB
derived_from_species_constant,SPECIES_ZERAORA_MEGA,BATTLE_ONLY,,,false,false,true,battle_engine,IMPLEMENTED_UNVERIFIED,BATTLE_ENGINE,DoFormChange,,internal id 0x5BC
derived_from_species_constant,SPECIES_RAICHU_MEGA_X,BATTLE_ONLY,,,false,false,true,battle_engine,IMPLEMENTED_UNVERIFIED,BATTLE_ENGINE,DoFormChange,,internal id 0x5BD
derived_from_species_constant,SPECIES_RAICHU_MEGA_Y,BATTLE_ONLY,,,false,false,true,battle_engine,IMPLEMENTED_UNVERIFIED,BATTLE_ENGINE,DoFormChange,,internal id 0x5BE
derived_from_species_constant,SPECIES_CHIMECHO_MEGA,BATTLE_ONLY,,,false,false,true,battle_engine,IMPLEMENTED_UNVERIFIED,BATTLE_ENGINE,DoFormChange,,internal id 0x5BF
derived_from_species_constant,SPECIES_ABSOL_MEGA_Z,BATTLE_ONLY,,,false,false,true,battle_engine,IMPLEMENTED_UNVERIFIED,BATTLE_ENGINE,DoFormChange,,internal id 0x5C0
derived_from_species_constant,SPECIES_STARAPTOR_MEGA,BATTLE_ONLY,,,false,false,true,battle_engine,IMPLEMENTED_UNVERIFIED,BATTLE_ENGINE,DoFormChange,,internal id 0x5C1
derived_from_species_constant,SPECIES_GARCHOMP_MEGA_Z,BATTLE_ONLY,,,false,false,true,battle_engine,IMPLEMENTED_UNVERIFIED,BATTLE_ENGINE,DoFormChange,,internal id 0x5C2
derived_from_species_constant,SPECIES_LUCARIO_MEGA_Z,BATTLE_ONLY,,,false,false,true,battle_engine,IMPLEMENTED_UNVERIFIED,BATTLE_ENGINE,DoFormChange,,internal id 0x5C3
derived_from_species_constant,SPECIES_GOLURK_MEGA,BATTLE_ONLY,,,false,false,true,battle_engine,IMPLEMENTED_UNVERIFIED,BATTLE_ENGINE,DoFormChange,,internal id 0x5C4
derived_from_species_constant,SPECIES_MEOWSTIC_M_MEGA,BATTLE_ONLY,,,false,false,true,battle_engine,IMPLEMENTED_UNVERIFIED,BATTLE_ENGINE,DoFormChange,,internal id 0x5C5
derived_from_species_constant,SPECIES_MEOWSTIC_F_MEGA,BATTLE_ONLY,,,false,false,true,battle_engine,IMPLEMENTED_UNVERIFIED,BATTLE_ENGINE,DoFormChange,,internal id 0x5C6
derived_from_species_constant,SPECIES_CRABOMINABLE_MEGA,BATTLE_ONLY,,,false,false,true,battle_engine,IMPLEMENTED_UNVERIFIED,BATTLE_ENGINE,DoFormChange,,internal id 0x5C7
derived_from_species_constant,SPECIES_GOLISOPOD_MEGA,BATTLE_ONLY,,,false,false,true,battle_engine,IMPLEMENTED_UNVERIFIED,BATTLE_ENGINE,DoFormChange,,internal id 0x5C8
derived_from_species_constant,SPECIES_MAGEARNA_MEGA,BATTLE_ONLY,,,false,false,true,battle_engine,IMPLEMENTED_UNVERIFIED,BATTLE_ENGINE,DoFormChange,,internal id 0x5C9
derived_from_species_constant,SPECIES_MAGEARNA_ORIGINAL_MEGA,BATTLE_ONLY,,,false,false,true,battle_engine,IMPLEMENTED_UNVERIFIED,BATTLE_ENGINE,DoFormChange,,internal id 0x5CA
derived_from_species_constant,SPECIES_SCOVILLAIN_MEGA,BATTLE_ONLY,,,false,false,true,battle_engine,IMPLEMENTED_UNVERIFIED,BATTLE_ENGINE,DoFormChange,,internal id 0x5CB
derived_from_species_constant,SPECIES_BAXCALIBUR_MEGA,BATTLE_ONLY,,,false,false,true,battle_engine,IMPLEMENTED_UNVERIFIED,BATTLE_ENGINE,DoFormChange,,internal id 0x5CC
derived_from_species_constant,SPECIES_TATSUGIRI_CURLY_MEGA,BATTLE_ONLY,,,false,false,true,battle_engine,IMPLEMENTED_UNVERIFIED,BATTLE_ENGINE,DoFormChange,,internal id 0x5CD
derived_from_species_constant,SPECIES_TATSUGIRI_DROOPY_MEGA,BATTLE_ONLY,,,false,false,true,battle_engine,IMPLEMENTED_UNVERIFIED,BATTLE_ENGINE,DoFormChange,,internal id 0x5CE
derived_from_species_constant,SPECIES_TATSUGIRI_STRETCHY_MEGA,BATTLE_ONLY,,,false,false,true,battle_engine,IMPLEMENTED_UNVERIFIED,BATTLE_ENGINE,DoFormChange,,internal id 0x5CF
derived_from_species_constant,SPECIES_GLIMMORA_MEGA,BATTLE_ONLY,,,false,false,true,battle_engine,IMPLEMENTED_UNVERIFIED,BATTLE_ENGINE,DoFormChange,,internal id 0x5D0
derived_from_species_constant,SPECIES_UNOWN_B,UNSUPPORTED_PLACEHOLDER,,,false,false,false,form_lab_review,NOT_IMPLEMENTED,PENDING,,,internal id 0x19D
derived_from_species_constant,SPECIES_UNOWN_C,UNSUPPORTED_PLACEHOLDER,,,false,false,false,form_lab_review,NOT_IMPLEMENTED,PENDING,,,internal id 0x19E
derived_from_species_constant,SPECIES_UNOWN_D,UNSUPPORTED_PLACEHOLDER,,,false,false,false,form_lab_review,NOT_IMPLEMENTED,PENDING,,,internal id 0x19F
derived_from_species_constant,SPECIES_UNOWN_E,UNSUPPORTED_PLACEHOLDER,,,false,false,false,form_lab_review,NOT_IMPLEMENTED,PENDING,,,internal id 0x1A0
derived_from_species_constant,SPECIES_UNOWN_F,ENCOUNTER_OR_EVOLUTION_LOCKED,,,false,false,false,encounter_or_evolution,NOT_IMPLEMENTED,PENDING,,,internal id 0x1A1
derived_from_species_constant,SPECIES_UNOWN_G,UNSUPPORTED_PLACEHOLDER,,,false,false,false,form_lab_review,NOT_IMPLEMENTED,PENDING,,,internal id 0x1A2
derived_from_species_constant,SPECIES_UNOWN_H,UNSUPPORTED_PLACEHOLDER,,,false,false,false,form_lab_review,NOT_IMPLEMENTED,PENDING,,,internal id 0x1A3
derived_from_species_constant,SPECIES_UNOWN_I,UNSUPPORTED_PLACEHOLDER,,,false,false,false,form_lab_review,NOT_IMPLEMENTED,PENDING,,,internal id 0x1A4
derived_from_species_constant,SPECIES_UNOWN_J,UNSUPPORTED_PLACEHOLDER,,,false,false,false,form_lab_review,NOT_IMPLEMENTED,PENDING,,,internal id 0x1A5
derived_from_species_constant,SPECIES_UNOWN_K,UNSUPPORTED_PLACEHOLDER,,,false,false,false,form_lab_review,NOT_IMPLEMENTED,PENDING,,,internal id 0x1A6
derived_from_species_constant,SPECIES_UNOWN_L,UNSUPPORTED_PLACEHOLDER,,,false,false,false,form_lab_review,NOT_IMPLEMENTED,PENDING,,,internal id 0x1A7
derived_from_species_constant,SPECIES_UNOWN_M,ENCOUNTER_OR_EVOLUTION_LOCKED,,,false,false,false,encounter_or_evolution,NOT_IMPLEMENTED,PENDING,,,internal id 0x1A8
derived_from_species_constant,SPECIES_UNOWN_N,UNSUPPORTED_PLACEHOLDER,,,false,false,false,form_lab_review,NOT_IMPLEMENTED,PENDING,,,internal id 0x1A9
derived_from_species_constant,SPECIES_UNOWN_O,UNSUPPORTED_PLACEHOLDER,,,false,false,false,form_lab_review,NOT_IMPLEMENTED,PENDING,,,internal id 0x1AA
derived_from_species_constant,SPECIES_UNOWN_P,UNSUPPORTED_PLACEHOLDER,,,false,false,false,form_lab_review,NOT_IMPLEMENTED,PENDING,,,internal id 0x1AB
derived_from_species_constant,SPECIES_UNOWN_Q,UNSUPPORTED_PLACEHOLDER,,,false,false,false,form_lab_review,NOT_IMPLEMENTED,PENDING,,,internal id 0x1AC
derived_from_species_constant,SPECIES_UNOWN_R,UNSUPPORTED_PLACEHOLDER,,,false,false,false,form_lab_review,NOT_IMPLEMENTED,PENDING,,,internal id 0x1AD
derived_from_species_constant,SPECIES_UNOWN_S,ENCOUNTER_OR_EVOLUTION_LOCKED,,,false,false,false,encounter_or_evolution,NOT_IMPLEMENTED,PENDING,,,internal id 0x1AE
derived_from_species_constant,SPECIES_UNOWN_T,UNSUPPORTED_PLACEHOLDER,,,false,false,false,form_lab_review,NOT_IMPLEMENTED,PENDING,,,internal id 0x1AF
derived_from_species_constant,SPECIES_UNOWN_U,UNSUPPORTED_PLACEHOLDER,,,false,false,false,form_lab_review,NOT_IMPLEMENTED,PENDING,,,internal id 0x1B0
derived_from_species_constant,SPECIES_UNOWN_V,UNSUPPORTED_PLACEHOLDER,,,false,false,false,form_lab_review,NOT_IMPLEMENTED,PENDING,,,internal id 0x1B1
derived_from_species_constant,SPECIES_UNOWN_W,UNSUPPORTED_PLACEHOLDER,,,false,false,false,form_lab_review,NOT_IMPLEMENTED,PENDING,,,internal id 0x1B2
derived_from_species_constant,SPECIES_UNOWN_X,UNSUPPORTED_PLACEHOLDER,,,false,false,false,form_lab_review,NOT_IMPLEMENTED,PENDING,,,internal id 0x1B3
derived_from_species_constant,SPECIES_UNOWN_Y,UNSUPPORTED_PLACEHOLDER,,,false,false,false,form_lab_review,NOT_IMPLEMENTED,PENDING,,,internal id 0x1B4
derived_from_species_constant,SPECIES_UNOWN_Z,UNSUPPORTED_PLACEHOLDER,,,false,false,false,form_lab_review,NOT_IMPLEMENTED,PENDING,,,internal id 0x1B5
derived_from_species_constant,SPECIES_UNOWN_EXCLAMATION,UNSUPPORTED_PLACEHOLDER,,,false,false,false,form_lab_review,NOT_IMPLEMENTED,PENDING,,,internal id 0x1B6
derived_from_species_constant,SPECIES_UNOWN_QUESTION,UNSUPPORTED_PLACEHOLDER,,,false,false,false,form_lab_review,NOT_IMPLEMENTED,PENDING,,,internal id 0x1B7
derived_from_species_constant,SPECIES_MIME_JR,UNSUPPORTED_PLACEHOLDER,,,false,false,false,form_lab_review,NOT_IMPLEMENTED,PENDING,,,internal id 0x1EC
derived_from_species_constant,SPECIES_PORYGON_Z,UNSUPPORTED_PLACEHOLDER,,,false,false,false,form_lab_review,NOT_IMPLEMENTED,PENDING,,,internal id 0x20F
derived_from_species_constant,SPECIES_BASCULIN_RED,ENCOUNTER_OR_EVOLUTION_LOCKED,,,false,false,false,encounter_or_evolution,NOT_IMPLEMENTED,PENDING,,,internal id 0x25B
derived_from_species_constant,SPECIES_UNFEZANT_F,ENCOUNTER_OR_EVOLUTION_LOCKED,,,false,false,false,encounter_or_evolution,NOT_IMPLEMENTED,PENDING,,,internal id 0x2BF
derived_from_species_constant,SPECIES_FRILLISH_F,ENCOUNTER_OR_EVOLUTION_LOCKED,,,false,false,false,encounter_or_evolution,NOT_IMPLEMENTED,PENDING,,,internal id 0x2C0
derived_from_species_constant,SPECIES_JELLICENT_F,ENCOUNTER_OR_EVOLUTION_LOCKED,,,false,false,false,encounter_or_evolution,NOT_IMPLEMENTED,PENDING,,,internal id 0x2C1
derived_from_species_constant,SPECIES_SHADOW_WARRIOR,UNSUPPORTED_PLACEHOLDER,,,false,false,false,form_lab_review,NOT_IMPLEMENTED,PENDING,,,internal id 0x2C2
derived_from_species_constant,SPECIES_BURMY_SANDY,ENCOUNTER_OR_EVOLUTION_LOCKED,,,false,false,false,encounter_or_evolution,NOT_IMPLEMENTED,PENDING,,,internal id 0x2C3
derived_from_species_constant,SPECIES_BURMY_TRASH,UNSUPPORTED_PLACEHOLDER,,,false,false,false,form_lab_review,NOT_IMPLEMENTED,PENDING,,,internal id 0x2C4
derived_from_species_constant,SPECIES_WORMADAM_SANDY,ENCOUNTER_OR_EVOLUTION_LOCKED,,,false,false,false,encounter_or_evolution,NOT_IMPLEMENTED,PENDING,,,internal id 0x2C5
derived_from_species_constant,SPECIES_WORMADAM_TRASH,UNSUPPORTED_PLACEHOLDER,,,false,false,false,form_lab_review,NOT_IMPLEMENTED,PENDING,,,internal id 0x2C6
derived_from_species_constant,SPECIES_SHELLOS_EAST,ENCOUNTER_OR_EVOLUTION_LOCKED,,,false,false,false,encounter_or_evolution,NOT_IMPLEMENTED,PENDING,,,internal id 0x2C7
derived_from_species_constant,SPECIES_GASTRODON_EAST,ENCOUNTER_OR_EVOLUTION_LOCKED,,,false,false,false,encounter_or_evolution,NOT_IMPLEMENTED,PENDING,,,internal id 0x2C8
derived_from_species_constant,SPECIES_ROTOM_HEAT,FORM_LAB_SELECTABLE,,,false,true,false,cinnabar_form_lab,IMPLEMENTED_UNVERIFIED,C_HANDLER,M5FormLabApplyPreparedForm,EventScript_M5FormResearcher,internal id 0x2C9
derived_from_species_constant,SPECIES_ROTOM_WASH,FORM_LAB_SELECTABLE,,,false,true,false,cinnabar_form_lab,IMPLEMENTED_UNVERIFIED,C_HANDLER,M5FormLabApplyPreparedForm,EventScript_M5FormResearcher,internal id 0x2CA
derived_from_species_constant,SPECIES_ROTOM_FROST,FORM_LAB_SELECTABLE,,,false,true,false,cinnabar_form_lab,IMPLEMENTED_UNVERIFIED,C_HANDLER,M5FormLabApplyPreparedForm,EventScript_M5FormResearcher,internal id 0x2CB
derived_from_species_constant,SPECIES_ROTOM_FAN,FORM_LAB_SELECTABLE,,,false,true,false,cinnabar_form_lab,IMPLEMENTED_UNVERIFIED,C_HANDLER,M5FormLabApplyPreparedForm,EventScript_M5FormResearcher,internal id 0x2CC
derived_from_species_constant,SPECIES_ROTOM_MOW,FORM_LAB_SELECTABLE,,,false,true,false,cinnabar_form_lab,IMPLEMENTED_UNVERIFIED,C_HANDLER,M5FormLabApplyPreparedForm,EventScript_M5FormResearcher,internal id 0x2CD
derived_from_species_constant,SPECIES_GIRATINA_ORIGIN,HELD_ITEM_DERIVED,,,false,false,false,existing_cfru_held_item,IMPLEMENTED_UNVERIFIED,C_HANDLER,HoldItemFormChange,,internal id 0x2CE
derived_from_species_constant,SPECIES_SHAYMIN_SKY,FORM_LAB_SELECTABLE,,,false,true,false,cinnabar_form_lab,IMPLEMENTED_UNVERIFIED,C_HANDLER,M5FormLabApplyPreparedForm,EventScript_M5FormResearcher,internal id 0x2CF
derived_from_species_constant,SPECIES_ARCEUS_FIGHT,HELD_ITEM_DERIVED,,,false,false,false,existing_cfru_held_item,IMPLEMENTED_UNVERIFIED,C_HANDLER,HoldItemFormChange,,internal id 0x2D0
derived_from_species_constant,SPECIES_ARCEUS_FLYING,HELD_ITEM_DERIVED,,,false,false,false,existing_cfru_held_item,IMPLEMENTED_UNVERIFIED,C_HANDLER,HoldItemFormChange,,internal id 0x2D1
derived_from_species_constant,SPECIES_ARCEUS_POISON,HELD_ITEM_DERIVED,,,false,false,false,existing_cfru_held_item,IMPLEMENTED_UNVERIFIED,C_HANDLER,HoldItemFormChange,,internal id 0x2D2
derived_from_species_constant,SPECIES_ARCEUS_GROUND,HELD_ITEM_DERIVED,,,false,false,false,existing_cfru_held_item,IMPLEMENTED_UNVERIFIED,C_HANDLER,HoldItemFormChange,,internal id 0x2D3
derived_from_species_constant,SPECIES_ARCEUS_ROCK,HELD_ITEM_DERIVED,,,false,false,false,existing_cfru_held_item,IMPLEMENTED_UNVERIFIED,C_HANDLER,HoldItemFormChange,,internal id 0x2D4
derived_from_species_constant,SPECIES_ARCEUS_BUG,HELD_ITEM_DERIVED,,,false,false,false,existing_cfru_held_item,IMPLEMENTED_UNVERIFIED,C_HANDLER,HoldItemFormChange,,internal id 0x2D5
derived_from_species_constant,SPECIES_ARCEUS_GHOST,HELD_ITEM_DERIVED,,,false,false,false,existing_cfru_held_item,IMPLEMENTED_UNVERIFIED,C_HANDLER,HoldItemFormChange,,internal id 0x2D6
derived_from_species_constant,SPECIES_ARCEUS_STEEL,HELD_ITEM_DERIVED,,,false,false,false,existing_cfru_held_item,IMPLEMENTED_UNVERIFIED,C_HANDLER,HoldItemFormChange,,internal id 0x2D7
derived_from_species_constant,SPECIES_ARCEUS_FIRE,HELD_ITEM_DERIVED,,,false,false,false,existing_cfru_held_item,IMPLEMENTED_UNVERIFIED,C_HANDLER,HoldItemFormChange,,internal id 0x2D8
derived_from_species_constant,SPECIES_ARCEUS_WATER,HELD_ITEM_DERIVED,,,false,false,false,existing_cfru_held_item,IMPLEMENTED_UNVERIFIED,C_HANDLER,HoldItemFormChange,,internal id 0x2D9
derived_from_species_constant,SPECIES_ARCEUS_GRASS,HELD_ITEM_DERIVED,,,false,false,false,existing_cfru_held_item,IMPLEMENTED_UNVERIFIED,C_HANDLER,HoldItemFormChange,,internal id 0x2DA
derived_from_species_constant,SPECIES_ARCEUS_ELECTRIC,HELD_ITEM_DERIVED,,,false,false,false,existing_cfru_held_item,IMPLEMENTED_UNVERIFIED,C_HANDLER,HoldItemFormChange,,internal id 0x2DB
derived_from_species_constant,SPECIES_ARCEUS_PSYCHIC,HELD_ITEM_DERIVED,,,false,false,false,existing_cfru_held_item,IMPLEMENTED_UNVERIFIED,C_HANDLER,HoldItemFormChange,,internal id 0x2DC
derived_from_species_constant,SPECIES_ARCEUS_ICE,HELD_ITEM_DERIVED,,,false,false,false,existing_cfru_held_item,IMPLEMENTED_UNVERIFIED,C_HANDLER,HoldItemFormChange,,internal id 0x2DD
derived_from_species_constant,SPECIES_ARCEUS_DRAGON,HELD_ITEM_DERIVED,,,false,false,false,existing_cfru_held_item,IMPLEMENTED_UNVERIFIED,C_HANDLER,HoldItemFormChange,,internal id 0x2DE
derived_from_species_constant,SPECIES_ARCEUS_DARK,HELD_ITEM_DERIVED,,,false,false,false,existing_cfru_held_item,IMPLEMENTED_UNVERIFIED,C_HANDLER,HoldItemFormChange,,internal id 0x2DF
derived_from_species_constant,SPECIES_BASCULIN_BLUE,ENCOUNTER_OR_EVOLUTION_LOCKED,,,false,false,false,encounter_or_evolution,NOT_IMPLEMENTED,PENDING,,,internal id 0x2E0
derived_from_species_constant,SPECIES_DEERLING_SUMMER,ENCOUNTER_OR_EVOLUTION_LOCKED,,,false,false,false,encounter_or_evolution,NOT_IMPLEMENTED,PENDING,,,internal id 0x2E2
derived_from_species_constant,SPECIES_DEERLING_AUTUMN,ENCOUNTER_OR_EVOLUTION_LOCKED,,,false,false,false,encounter_or_evolution,NOT_IMPLEMENTED,PENDING,,,internal id 0x2E3
derived_from_species_constant,SPECIES_DEERLING_WINTER,ENCOUNTER_OR_EVOLUTION_LOCKED,,,false,false,false,encounter_or_evolution,NOT_IMPLEMENTED,PENDING,,,internal id 0x2E4
derived_from_species_constant,SPECIES_SAWSBUCK_SUMMER,ENCOUNTER_OR_EVOLUTION_LOCKED,,,false,false,false,encounter_or_evolution,NOT_IMPLEMENTED,PENDING,,,internal id 0x2E5
derived_from_species_constant,SPECIES_SAWSBUCK_AUTUMN,ENCOUNTER_OR_EVOLUTION_LOCKED,,,false,false,false,encounter_or_evolution,NOT_IMPLEMENTED,PENDING,,,internal id 0x2E6
derived_from_species_constant,SPECIES_SAWSBUCK_WINTER,ENCOUNTER_OR_EVOLUTION_LOCKED,,,false,false,false,encounter_or_evolution,NOT_IMPLEMENTED,PENDING,,,internal id 0x2E7
derived_from_species_constant,SPECIES_HIPPOPOTAS_F,ENCOUNTER_OR_EVOLUTION_LOCKED,,,false,false,false,encounter_or_evolution,NOT_IMPLEMENTED,PENDING,,,internal id 0x2E8
derived_from_species_constant,SPECIES_HIPPOWDON_F,ENCOUNTER_OR_EVOLUTION_LOCKED,,,false,false,false,encounter_or_evolution,NOT_IMPLEMENTED,PENDING,,,internal id 0x2E9
derived_from_species_constant,SPECIES_MELOETTA_PIROUETTE,UNSUPPORTED_PLACEHOLDER,,,false,false,false,form_lab_review,NOT_IMPLEMENTED,PENDING,,,internal id 0x2EA
derived_from_species_constant,SPECIES_GENESECT_SHOCK,HELD_ITEM_DERIVED,,,false,false,false,existing_cfru_held_item,IMPLEMENTED_UNVERIFIED,C_HANDLER,HoldItemFormChange,,internal id 0x2EB
derived_from_species_constant,SPECIES_GENESECT_BURN,HELD_ITEM_DERIVED,,,false,false,false,existing_cfru_held_item,IMPLEMENTED_UNVERIFIED,C_HANDLER,HoldItemFormChange,,internal id 0x2EC
derived_from_species_constant,SPECIES_GENESECT_CHILL,HELD_ITEM_DERIVED,,,false,false,false,existing_cfru_held_item,IMPLEMENTED_UNVERIFIED,C_HANDLER,HoldItemFormChange,,internal id 0x2ED
derived_from_species_constant,SPECIES_GENESECT_DOUSE,HELD_ITEM_DERIVED,,,false,false,false,existing_cfru_held_item,IMPLEMENTED_UNVERIFIED,C_HANDLER,HoldItemFormChange,,internal id 0x2EE
derived_from_species_constant,SPECIES_CHERRIM_SUN,ENCOUNTER_OR_EVOLUTION_LOCKED,,,false,false,false,encounter_or_evolution,NOT_IMPLEMENTED,PENDING,,,internal id 0x2EF
derived_from_species_constant,SPECIES_KYUREM_BLACK,FUSION_FORM,,,false,true,false,existing_cfru_fusion_storage,IMPLEMENTED_UNVERIFIED,C_HANDLER,ItemUseCB_FormChangeItem,,internal id 0x2F0
derived_from_species_constant,SPECIES_KYUREM_WHITE,FUSION_FORM,,,false,true,false,existing_cfru_fusion_storage,IMPLEMENTED_UNVERIFIED,C_HANDLER,ItemUseCB_FormChangeItem,,internal id 0x2F1
derived_from_species_constant,SPECIES_TORNADUS_THERIAN,KEY_ITEM_TOGGLE,,,false,true,false,existing_cfru_key_item,IMPLEMENTED_UNVERIFIED,C_HANDLER,ItemUseCB_FormChangeItem,,internal id 0x2F2
derived_from_species_constant,SPECIES_THUNDURUS_THERIAN,KEY_ITEM_TOGGLE,,,false,true,false,existing_cfru_key_item,IMPLEMENTED_UNVERIFIED,C_HANDLER,ItemUseCB_FormChangeItem,,internal id 0x2F3
derived_from_species_constant,SPECIES_LANDORUS_THERIAN,KEY_ITEM_TOGGLE,,,false,true,false,existing_cfru_key_item,IMPLEMENTED_UNVERIFIED,C_HANDLER,ItemUseCB_FormChangeItem,,internal id 0x2F4
derived_from_species_constant,SPECIES_KELDEO_RESOLUTE,UNSUPPORTED_PLACEHOLDER,,,false,false,false,form_lab_review,NOT_IMPLEMENTED,PENDING,,,internal id 0x2F5
derived_from_species_constant,SPECIES_HOOPA_UNBOUND,FORM_LAB_SELECTABLE,,,false,true,false,cinnabar_form_lab,IMPLEMENTED_UNVERIFIED,C_HANDLER,M5FormLabApplyPreparedForm,EventScript_M5FormResearcher,internal id 0x33D
derived_from_species_constant,SPECIES_PYROAR_FEMALE,ENCOUNTER_OR_EVOLUTION_LOCKED,,,false,false,false,encounter_or_evolution,NOT_IMPLEMENTED,PENDING,,,internal id 0x33F
derived_from_species_constant,SPECIES_MEOWSTIC_FEMALE,ENCOUNTER_OR_EVOLUTION_LOCKED,,,false,false,false,encounter_or_evolution,NOT_IMPLEMENTED,PENDING,,,internal id 0x340
derived_from_species_constant,SPECIES_AEGISLASH_BLADE,UNSUPPORTED_PLACEHOLDER,,,false,false,false,form_lab_review,NOT_IMPLEMENTED,PENDING,,,internal id 0x341
derived_from_species_constant,SPECIES_ARCEUS_FAIRY,HELD_ITEM_DERIVED,,,false,false,false,existing_cfru_held_item,IMPLEMENTED_UNVERIFIED,C_HANDLER,HoldItemFormChange,,internal id 0x342
derived_from_species_constant,SPECIES_ZYGARDE_CELL,UNSUPPORTED_PLACEHOLDER,,,false,false,false,form_lab_review,NOT_IMPLEMENTED,PENDING,,,internal id 0x343
derived_from_species_constant,SPECIES_ZYGARDE_CORE,UNSUPPORTED_PLACEHOLDER,,,false,false,false,form_lab_review,NOT_IMPLEMENTED,PENDING,,,internal id 0x344
derived_from_species_constant,SPECIES_ZYGARDE_10,UNSUPPORTED_PLACEHOLDER,,,false,false,false,form_lab_review,NOT_IMPLEMENTED,PENDING,,,internal id 0x345
derived_from_species_constant,SPECIES_ZYGARDE_COMPLETE,UNSUPPORTED_PLACEHOLDER,,,false,false,false,form_lab_review,NOT_IMPLEMENTED,PENDING,,,internal id 0x346
derived_from_species_constant,SPECIES_FLABEBE_BLUE,ENCOUNTER_OR_EVOLUTION_LOCKED,,,false,false,false,encounter_or_evolution,NOT_IMPLEMENTED,PENDING,,,internal id 0x348
derived_from_species_constant,SPECIES_FLABEBE_ORANGE,ENCOUNTER_OR_EVOLUTION_LOCKED,,,false,false,false,encounter_or_evolution,NOT_IMPLEMENTED,PENDING,,,internal id 0x349
derived_from_species_constant,SPECIES_FLABEBE_YELLOW,ENCOUNTER_OR_EVOLUTION_LOCKED,,,false,false,false,encounter_or_evolution,NOT_IMPLEMENTED,PENDING,,,internal id 0x34A
derived_from_species_constant,SPECIES_FLABEBE_WHITE,ENCOUNTER_OR_EVOLUTION_LOCKED,,,false,false,false,encounter_or_evolution,NOT_IMPLEMENTED,PENDING,,,internal id 0x34B
derived_from_species_constant,SPECIES_FLOETTE_BLUE,ENCOUNTER_OR_EVOLUTION_LOCKED,,,false,false,false,encounter_or_evolution,NOT_IMPLEMENTED,PENDING,,,internal id 0x34C
derived_from_species_constant,SPECIES_FLOETTE_ORANGE,ENCOUNTER_OR_EVOLUTION_LOCKED,,,false,false,false,encounter_or_evolution,NOT_IMPLEMENTED,PENDING,,,internal id 0x34D
derived_from_species_constant,SPECIES_FLOETTE_YELLOW,ENCOUNTER_OR_EVOLUTION_LOCKED,,,false,false,false,encounter_or_evolution,NOT_IMPLEMENTED,PENDING,,,internal id 0x34E
derived_from_species_constant,SPECIES_FLOETTE_WHITE,ENCOUNTER_OR_EVOLUTION_LOCKED,,,false,false,false,encounter_or_evolution,NOT_IMPLEMENTED,PENDING,,,internal id 0x34F
derived_from_species_constant,SPECIES_FLOETTE_ETERNAL,UNSUPPORTED_PLACEHOLDER,,,false,false,false,form_lab_review,NOT_IMPLEMENTED,PENDING,,,internal id 0x350
derived_from_species_constant,SPECIES_FLORGES_BLUE,ENCOUNTER_OR_EVOLUTION_LOCKED,,,false,false,false,encounter_or_evolution,NOT_IMPLEMENTED,PENDING,,,internal id 0x351
derived_from_species_constant,SPECIES_FLORGES_ORANGE,ENCOUNTER_OR_EVOLUTION_LOCKED,,,false,false,false,encounter_or_evolution,NOT_IMPLEMENTED,PENDING,,,internal id 0x352
derived_from_species_constant,SPECIES_FLORGES_YELLOW,ENCOUNTER_OR_EVOLUTION_LOCKED,,,false,false,false,encounter_or_evolution,NOT_IMPLEMENTED,PENDING,,,internal id 0x353
derived_from_species_constant,SPECIES_FLORGES_WHITE,ENCOUNTER_OR_EVOLUTION_LOCKED,,,false,false,false,encounter_or_evolution,NOT_IMPLEMENTED,PENDING,,,internal id 0x354
derived_from_species_constant,SPECIES_PUMPKABOO_XL,ENCOUNTER_OR_EVOLUTION_LOCKED,,,false,false,false,encounter_or_evolution,NOT_IMPLEMENTED,PENDING,,,internal id 0x355
derived_from_species_constant,SPECIES_PUMPKABOO_L,UNSUPPORTED_PLACEHOLDER,,,false,false,false,form_lab_review,NOT_IMPLEMENTED,PENDING,,,internal id 0x356
derived_from_species_constant,SPECIES_PUMPKABOO_M,ENCOUNTER_OR_EVOLUTION_LOCKED,,,false,false,false,encounter_or_evolution,NOT_IMPLEMENTED,PENDING,,,internal id 0x357
derived_from_species_constant,SPECIES_GOURGEIST_XL,ENCOUNTER_OR_EVOLUTION_LOCKED,,,false,false,false,encounter_or_evolution,NOT_IMPLEMENTED,PENDING,,,internal id 0x358
derived_from_species_constant,SPECIES_GOURGEIST_L,UNSUPPORTED_PLACEHOLDER,,,false,false,false,form_lab_review,NOT_IMPLEMENTED,PENDING,,,internal id 0x359
derived_from_species_constant,SPECIES_GOURGEIST_M,ENCOUNTER_OR_EVOLUTION_LOCKED,,,false,false,false,encounter_or_evolution,NOT_IMPLEMENTED,PENDING,,,internal id 0x35A
derived_from_species_constant,SPECIES_FURFROU_HEART,FORM_LAB_SELECTABLE,,,false,true,false,cinnabar_form_lab,IMPLEMENTED_UNVERIFIED,C_HANDLER,M5FormLabApplyPreparedForm,EventScript_M5FormResearcher,internal id 0x35B
derived_from_species_constant,SPECIES_FURFROU_DIAMOND,FORM_LAB_SELECTABLE,,,false,true,false,cinnabar_form_lab,IMPLEMENTED_UNVERIFIED,C_HANDLER,M5FormLabApplyPreparedForm,EventScript_M5FormResearcher,internal id 0x35C
derived_from_species_constant,SPECIES_FURFROU_STAR,FORM_LAB_SELECTABLE,,,false,true,false,cinnabar_form_lab,IMPLEMENTED_UNVERIFIED,C_HANDLER,M5FormLabApplyPreparedForm,EventScript_M5FormResearcher,internal id 0x35D
derived_from_species_constant,SPECIES_FURFROU_PHAROAH,FORM_LAB_SELECTABLE,,,false,true,false,cinnabar_form_lab,IMPLEMENTED_UNVERIFIED,C_HANDLER,M5FormLabApplyPreparedForm,EventScript_M5FormResearcher,internal id 0x35E
derived_from_species_constant,SPECIES_FURFROU_KABUKI,FORM_LAB_SELECTABLE,,,false,true,false,cinnabar_form_lab,IMPLEMENTED_UNVERIFIED,C_HANDLER,M5FormLabApplyPreparedForm,EventScript_M5FormResearcher,internal id 0x35F
derived_from_species_constant,SPECIES_FURFROU_LA_REINE,FORM_LAB_SELECTABLE,,,false,true,false,cinnabar_form_lab,IMPLEMENTED_UNVERIFIED,C_HANDLER,M5FormLabApplyPreparedForm,EventScript_M5FormResearcher,internal id 0x360
derived_from_species_constant,SPECIES_FURFROU_MATRON,FORM_LAB_SELECTABLE,,,false,true,false,cinnabar_form_lab,IMPLEMENTED_UNVERIFIED,C_HANDLER,M5FormLabApplyPreparedForm,EventScript_M5FormResearcher,internal id 0x361
derived_from_species_constant,SPECIES_FURFROU_DANDY,FORM_LAB_SELECTABLE,,,false,true,false,cinnabar_form_lab,IMPLEMENTED_UNVERIFIED,C_HANDLER,M5FormLabApplyPreparedForm,EventScript_M5FormResearcher,internal id 0x362
derived_from_species_constant,SPECIES_FURFROU_DEBUTANTE,FORM_LAB_SELECTABLE,,,false,true,false,cinnabar_form_lab,IMPLEMENTED_UNVERIFIED,C_HANDLER,M5FormLabApplyPreparedForm,EventScript_M5FormResearcher,internal id 0x363
derived_from_species_constant,SPECIES_VIVILLON_FANCY,KEY_ITEM_TOGGLE,,,false,true,false,existing_cfru_key_item,IMPLEMENTED_UNVERIFIED,C_HANDLER,ItemUseCB_FormChangeItem,,internal id 0x364
derived_from_species_constant,SPECIES_VENUSAUR_MEGA,BATTLE_ONLY,,,false,false,true,battle_engine,IMPLEMENTED_UNVERIFIED,BATTLE_ENGINE,DoFormChange,,internal id 0x365
derived_from_species_constant,SPECIES_CHARIZARD_MEGA_X,BATTLE_ONLY,,,false,false,true,battle_engine,IMPLEMENTED_UNVERIFIED,BATTLE_ENGINE,DoFormChange,,internal id 0x366
derived_from_species_constant,SPECIES_CHARIZARD_MEGA_Y,BATTLE_ONLY,,,false,false,true,battle_engine,IMPLEMENTED_UNVERIFIED,BATTLE_ENGINE,DoFormChange,,internal id 0x367
derived_from_species_constant,SPECIES_BLASTOISE_MEGA,BATTLE_ONLY,,,false,false,true,battle_engine,IMPLEMENTED_UNVERIFIED,BATTLE_ENGINE,DoFormChange,,internal id 0x368
derived_from_species_constant,SPECIES_BEEDRILL_MEGA,BATTLE_ONLY,,,false,false,true,battle_engine,IMPLEMENTED_UNVERIFIED,BATTLE_ENGINE,DoFormChange,,internal id 0x369
derived_from_species_constant,SPECIES_PIDGEOT_MEGA,BATTLE_ONLY,,,false,false,true,battle_engine,IMPLEMENTED_UNVERIFIED,BATTLE_ENGINE,DoFormChange,,internal id 0x36A
derived_from_species_constant,SPECIES_ALAKAZAM_MEGA,BATTLE_ONLY,,,false,false,true,battle_engine,IMPLEMENTED_UNVERIFIED,BATTLE_ENGINE,DoFormChange,,internal id 0x36B
derived_from_species_constant,SPECIES_SLOWBRO_MEGA,BATTLE_ONLY,,,false,false,true,battle_engine,IMPLEMENTED_UNVERIFIED,BATTLE_ENGINE,DoFormChange,,internal id 0x36C
derived_from_species_constant,SPECIES_GENGAR_MEGA,BATTLE_ONLY,,,false,false,true,battle_engine,IMPLEMENTED_UNVERIFIED,BATTLE_ENGINE,DoFormChange,,internal id 0x36D
derived_from_species_constant,SPECIES_KANGASKHAN_MEGA,BATTLE_ONLY,,,false,false,true,battle_engine,IMPLEMENTED_UNVERIFIED,BATTLE_ENGINE,DoFormChange,,internal id 0x36E
derived_from_species_constant,SPECIES_PINSIR_MEGA,BATTLE_ONLY,,,false,false,true,battle_engine,IMPLEMENTED_UNVERIFIED,BATTLE_ENGINE,DoFormChange,,internal id 0x36F
derived_from_species_constant,SPECIES_GYARADOS_MEGA,BATTLE_ONLY,,,false,false,true,battle_engine,IMPLEMENTED_UNVERIFIED,BATTLE_ENGINE,DoFormChange,,internal id 0x370
derived_from_species_constant,SPECIES_AERODACTYL_MEGA,BATTLE_ONLY,,,false,false,true,battle_engine,IMPLEMENTED_UNVERIFIED,BATTLE_ENGINE,DoFormChange,,internal id 0x371
derived_from_species_constant,SPECIES_MEWTWO_MEGA_X,BATTLE_ONLY,,,false,false,true,battle_engine,IMPLEMENTED_UNVERIFIED,BATTLE_ENGINE,DoFormChange,,internal id 0x372
derived_from_species_constant,SPECIES_MEWTWO_MEGA_Y,BATTLE_ONLY,,,false,false,true,battle_engine,IMPLEMENTED_UNVERIFIED,BATTLE_ENGINE,DoFormChange,,internal id 0x373
derived_from_species_constant,SPECIES_AMPHAROS_MEGA,BATTLE_ONLY,,,false,false,true,battle_engine,IMPLEMENTED_UNVERIFIED,BATTLE_ENGINE,DoFormChange,,internal id 0x374
derived_from_species_constant,SPECIES_STEELIX_MEGA,BATTLE_ONLY,,,false,false,true,battle_engine,IMPLEMENTED_UNVERIFIED,BATTLE_ENGINE,DoFormChange,,internal id 0x375
derived_from_species_constant,SPECIES_SCIZOR_MEGA,BATTLE_ONLY,,,false,false,true,battle_engine,IMPLEMENTED_UNVERIFIED,BATTLE_ENGINE,DoFormChange,,internal id 0x376
derived_from_species_constant,SPECIES_HERACROSS_MEGA,BATTLE_ONLY,,,false,false,true,battle_engine,IMPLEMENTED_UNVERIFIED,BATTLE_ENGINE,DoFormChange,,internal id 0x377
derived_from_species_constant,SPECIES_HOUNDOOM_MEGA,BATTLE_ONLY,,,false,false,true,battle_engine,IMPLEMENTED_UNVERIFIED,BATTLE_ENGINE,DoFormChange,,internal id 0x378
derived_from_species_constant,SPECIES_TYRANITAR_MEGA,BATTLE_ONLY,,,false,false,true,battle_engine,IMPLEMENTED_UNVERIFIED,BATTLE_ENGINE,DoFormChange,,internal id 0x379
derived_from_species_constant,SPECIES_SCEPTILE_MEGA,BATTLE_ONLY,,,false,false,true,battle_engine,IMPLEMENTED_UNVERIFIED,BATTLE_ENGINE,DoFormChange,,internal id 0x37A
derived_from_species_constant,SPECIES_BLAZIKEN_MEGA,BATTLE_ONLY,,,false,false,true,battle_engine,IMPLEMENTED_UNVERIFIED,BATTLE_ENGINE,DoFormChange,,internal id 0x37B
derived_from_species_constant,SPECIES_SWAMPERT_MEGA,BATTLE_ONLY,,,false,false,true,battle_engine,IMPLEMENTED_UNVERIFIED,BATTLE_ENGINE,DoFormChange,,internal id 0x37C
derived_from_species_constant,SPECIES_GARDEVOIR_MEGA,BATTLE_ONLY,,,false,false,true,battle_engine,IMPLEMENTED_UNVERIFIED,BATTLE_ENGINE,DoFormChange,,internal id 0x37D
derived_from_species_constant,SPECIES_SABLEYE_MEGA,BATTLE_ONLY,,,false,false,true,battle_engine,IMPLEMENTED_UNVERIFIED,BATTLE_ENGINE,DoFormChange,,internal id 0x37E
derived_from_species_constant,SPECIES_MAWILE_MEGA,BATTLE_ONLY,,,false,false,true,battle_engine,IMPLEMENTED_UNVERIFIED,BATTLE_ENGINE,DoFormChange,,internal id 0x37F
derived_from_species_constant,SPECIES_AGGRON_MEGA,BATTLE_ONLY,,,false,false,true,battle_engine,IMPLEMENTED_UNVERIFIED,BATTLE_ENGINE,DoFormChange,,internal id 0x380
derived_from_species_constant,SPECIES_MEDICHAM_MEGA,BATTLE_ONLY,,,false,false,true,battle_engine,IMPLEMENTED_UNVERIFIED,BATTLE_ENGINE,DoFormChange,,internal id 0x381
derived_from_species_constant,SPECIES_MANECTRIC_MEGA,BATTLE_ONLY,,,false,false,true,battle_engine,IMPLEMENTED_UNVERIFIED,BATTLE_ENGINE,DoFormChange,,internal id 0x382
derived_from_species_constant,SPECIES_SHARPEDO_MEGA,BATTLE_ONLY,,,false,false,true,battle_engine,IMPLEMENTED_UNVERIFIED,BATTLE_ENGINE,DoFormChange,,internal id 0x383
derived_from_species_constant,SPECIES_CAMERUPT_MEGA,BATTLE_ONLY,,,false,false,true,battle_engine,IMPLEMENTED_UNVERIFIED,BATTLE_ENGINE,DoFormChange,,internal id 0x384
derived_from_species_constant,SPECIES_ALTARIA_MEGA,BATTLE_ONLY,,,false,false,true,battle_engine,IMPLEMENTED_UNVERIFIED,BATTLE_ENGINE,DoFormChange,,internal id 0x385
derived_from_species_constant,SPECIES_BANETTE_MEGA,BATTLE_ONLY,,,false,false,true,battle_engine,IMPLEMENTED_UNVERIFIED,BATTLE_ENGINE,DoFormChange,,internal id 0x386
derived_from_species_constant,SPECIES_ABSOL_MEGA,BATTLE_ONLY,,,false,false,true,battle_engine,IMPLEMENTED_UNVERIFIED,BATTLE_ENGINE,DoFormChange,,internal id 0x387
derived_from_species_constant,SPECIES_GLALIE_MEGA,BATTLE_ONLY,,,false,false,true,battle_engine,IMPLEMENTED_UNVERIFIED,BATTLE_ENGINE,DoFormChange,,internal id 0x388
derived_from_species_constant,SPECIES_SALAMENCE_MEGA,BATTLE_ONLY,,,false,false,true,battle_engine,IMPLEMENTED_UNVERIFIED,BATTLE_ENGINE,DoFormChange,,internal id 0x389
derived_from_species_constant,SPECIES_METAGROSS_MEGA,BATTLE_ONLY,,,false,false,true,battle_engine,IMPLEMENTED_UNVERIFIED,BATTLE_ENGINE,DoFormChange,,internal id 0x38A
derived_from_species_constant,SPECIES_LATIAS_MEGA,BATTLE_ONLY,,,false,false,true,battle_engine,IMPLEMENTED_UNVERIFIED,BATTLE_ENGINE,DoFormChange,,internal id 0x38B
derived_from_species_constant,SPECIES_LATIOS_MEGA,BATTLE_ONLY,,,false,false,true,battle_engine,IMPLEMENTED_UNVERIFIED,BATTLE_ENGINE,DoFormChange,,internal id 0x38C
derived_from_species_constant,SPECIES_GROUDON_PRIMAL,BATTLE_ONLY,,,false,false,true,battle_engine,IMPLEMENTED_UNVERIFIED,BATTLE_ENGINE,DoFormChange,,internal id 0x38D
derived_from_species_constant,SPECIES_KYOGRE_PRIMAL,BATTLE_ONLY,,,false,false,true,battle_engine,IMPLEMENTED_UNVERIFIED,BATTLE_ENGINE,DoFormChange,,internal id 0x38E
derived_from_species_constant,SPECIES_RAYQUAZA_MEGA,BATTLE_ONLY,,,false,false,true,battle_engine,IMPLEMENTED_UNVERIFIED,BATTLE_ENGINE,DoFormChange,,internal id 0x38F
derived_from_species_constant,SPECIES_LOPUNNY_MEGA,BATTLE_ONLY,,,false,false,true,battle_engine,IMPLEMENTED_UNVERIFIED,BATTLE_ENGINE,DoFormChange,,internal id 0x390
derived_from_species_constant,SPECIES_GARCHOMP_MEGA,BATTLE_ONLY,,,false,false,true,battle_engine,IMPLEMENTED_UNVERIFIED,BATTLE_ENGINE,DoFormChange,,internal id 0x391
derived_from_species_constant,SPECIES_LUCARIO_MEGA,BATTLE_ONLY,,,false,false,true,battle_engine,IMPLEMENTED_UNVERIFIED,BATTLE_ENGINE,DoFormChange,,internal id 0x392
derived_from_species_constant,SPECIES_ABOMASNOW_MEGA,BATTLE_ONLY,,,false,false,true,battle_engine,IMPLEMENTED_UNVERIFIED,BATTLE_ENGINE,DoFormChange,,internal id 0x393
derived_from_species_constant,SPECIES_GALLADE_MEGA,BATTLE_ONLY,,,false,false,true,battle_engine,IMPLEMENTED_UNVERIFIED,BATTLE_ENGINE,DoFormChange,,internal id 0x394
derived_from_species_constant,SPECIES_AUDINO_MEGA,BATTLE_ONLY,,,false,false,true,battle_engine,IMPLEMENTED_UNVERIFIED,BATTLE_ENGINE,DoFormChange,,internal id 0x395
derived_from_species_constant,SPECIES_DIANCIE_MEGA,BATTLE_ONLY,,,false,false,true,battle_engine,IMPLEMENTED_UNVERIFIED,BATTLE_ENGINE,DoFormChange,,internal id 0x396
derived_from_species_constant,SPECIES_DIALGA_ORIGIN,UNSUPPORTED_PLACEHOLDER,,,false,false,false,form_lab_review,NOT_IMPLEMENTED,PENDING,,,internal id 0x397
derived_from_species_constant,SPECIES_PALKIA_ORIGIN,UNSUPPORTED_PLACEHOLDER,,,false,false,false,form_lab_review,NOT_IMPLEMENTED,PENDING,,,internal id 0x398
derived_from_species_constant,SPECIES_VIVILLON_ARCHIPELAGO,UNSUPPORTED_PLACEHOLDER,,,false,false,false,form_lab_review,NOT_IMPLEMENTED,PENDING,,,internal id 0x399
derived_from_species_constant,SPECIES_VIVILLON_CONTINENTAL,UNSUPPORTED_PLACEHOLDER,,,false,false,false,form_lab_review,NOT_IMPLEMENTED,PENDING,,,internal id 0x39A
derived_from_species_constant,SPECIES_VIVILLON_ELEGANT,UNSUPPORTED_PLACEHOLDER,,,false,false,false,form_lab_review,NOT_IMPLEMENTED,PENDING,,,internal id 0x39B
derived_from_species_constant,SPECIES_VIVILLON_GARDEN,UNSUPPORTED_PLACEHOLDER,,,false,false,false,form_lab_review,NOT_IMPLEMENTED,PENDING,,,internal id 0x39C
derived_from_species_constant,SPECIES_VIVILLON_HIGH_PLAINS,UNSUPPORTED_PLACEHOLDER,,,false,false,false,form_lab_review,NOT_IMPLEMENTED,PENDING,,,internal id 0x39D
derived_from_species_constant,SPECIES_VIVILLON_ICY_SNOW,ENCOUNTER_OR_EVOLUTION_LOCKED,,,false,false,false,encounter_or_evolution,NOT_IMPLEMENTED,PENDING,,,internal id 0x39E
derived_from_species_constant,SPECIES_VIVILLON_JUNGLE,UNSUPPORTED_PLACEHOLDER,,,false,false,false,form_lab_review,NOT_IMPLEMENTED,PENDING,,,internal id 0x39F
derived_from_species_constant,SPECIES_VIVILLON_MARINE,ENCOUNTER_OR_EVOLUTION_LOCKED,,,false,false,false,encounter_or_evolution,NOT_IMPLEMENTED,PENDING,,,internal id 0x3A0
derived_from_species_constant,SPECIES_VIVILLON_MODERN,ENCOUNTER_OR_EVOLUTION_LOCKED,,,false,false,false,encounter_or_evolution,NOT_IMPLEMENTED,PENDING,,,internal id 0x3A1
derived_from_species_constant,SPECIES_VIVILLON_MONSOON,ENCOUNTER_OR_EVOLUTION_LOCKED,,,false,false,false,encounter_or_evolution,NOT_IMPLEMENTED,PENDING,,,internal id 0x3A2
derived_from_species_constant,SPECIES_VIVILLON_OCEAN,UNSUPPORTED_PLACEHOLDER,,,false,false,false,form_lab_review,NOT_IMPLEMENTED,PENDING,,,internal id 0x3A3
derived_from_species_constant,SPECIES_VIVILLON_POKEBALL,UNSUPPORTED_PLACEHOLDER,,,false,false,false,form_lab_review,NOT_IMPLEMENTED,PENDING,,,internal id 0x3A4
derived_from_species_constant,SPECIES_VIVILLON_POLAR,UNSUPPORTED_PLACEHOLDER,,,false,false,false,form_lab_review,NOT_IMPLEMENTED,PENDING,,,internal id 0x3A5
derived_from_species_constant,SPECIES_VIVILLON_RIVER,UNSUPPORTED_PLACEHOLDER,,,false,false,false,form_lab_review,NOT_IMPLEMENTED,PENDING,,,internal id 0x3A6
derived_from_species_constant,SPECIES_VIVILLON_SANDSTORM,ENCOUNTER_OR_EVOLUTION_LOCKED,,,false,false,false,encounter_or_evolution,NOT_IMPLEMENTED,PENDING,,,internal id 0x3A7
derived_from_species_constant,SPECIES_VIVILLON_SAVANNA,ENCOUNTER_OR_EVOLUTION_LOCKED,,,false,false,false,encounter_or_evolution,NOT_IMPLEMENTED,PENDING,,,internal id 0x3A8
derived_from_species_constant,SPECIES_VIVILLON_SUN,ENCOUNTER_OR_EVOLUTION_LOCKED,,,false,false,false,encounter_or_evolution,NOT_IMPLEMENTED,PENDING,,,internal id 0x3A9
derived_from_species_constant,SPECIES_VIVILLON_TUNDRA,UNSUPPORTED_PLACEHOLDER,,,false,false,false,form_lab_review,NOT_IMPLEMENTED,PENDING,,,internal id 0x3AA
derived_from_species_constant,SPECIES_TYPE_NULL,UNSUPPORTED_PLACEHOLDER,,,false,false,false,form_lab_review,NOT_IMPLEMENTED,PENDING,,,internal id 0x3DD
derived_from_species_constant,SPECIES_MINIOR_SHIELD,ENCOUNTER_OR_EVOLUTION_LOCKED,,,false,false,false,encounter_or_evolution,NOT_IMPLEMENTED,PENDING,,,internal id 0x3DF
derived_from_species_constant,SPECIES_JANGMO_O,UNSUPPORTED_PLACEHOLDER,,,false,false,false,form_lab_review,NOT_IMPLEMENTED,PENDING,,,internal id 0x3E7
derived_from_species_constant,SPECIES_HAKAMO_O,UNSUPPORTED_PLACEHOLDER,,,false,false,false,form_lab_review,NOT_IMPLEMENTED,PENDING,,,internal id 0x3E8
derived_from_species_constant,SPECIES_KOMMO_O,UNSUPPORTED_PLACEHOLDER,,,false,false,false,form_lab_review,NOT_IMPLEMENTED,PENDING,,,internal id 0x3E9
derived_from_species_constant,SPECIES_TAPU_KOKO,UNSUPPORTED_PLACEHOLDER,,,false,false,false,form_lab_review,NOT_IMPLEMENTED,PENDING,,,internal id 0x3EA
derived_from_species_constant,SPECIES_TAPU_LELE,UNSUPPORTED_PLACEHOLDER,,,false,false,false,form_lab_review,NOT_IMPLEMENTED,PENDING,,,internal id 0x3EB
derived_from_species_constant,SPECIES_TAPU_BULU,UNSUPPORTED_PLACEHOLDER,,,false,false,false,form_lab_review,NOT_IMPLEMENTED,PENDING,,,internal id 0x3EC
derived_from_species_constant,SPECIES_TAPU_FINI,ENCOUNTER_OR_EVOLUTION_LOCKED,,,false,false,false,encounter_or_evolution,NOT_IMPLEMENTED,PENDING,,,internal id 0x3ED
derived_from_species_constant,SPECIES_RATTATA_A,UNSUPPORTED_PLACEHOLDER,,,false,false,false,form_lab_review,NOT_IMPLEMENTED,PENDING,,,internal id 0x3FC
derived_from_species_constant,SPECIES_RATICATE_A,UNSUPPORTED_PLACEHOLDER,,,false,false,false,form_lab_review,NOT_IMPLEMENTED,PENDING,,,internal id 0x3FD
derived_from_species_constant,SPECIES_RAICHU_A,UNSUPPORTED_PLACEHOLDER,,,false,false,false,form_lab_review,NOT_IMPLEMENTED,PENDING,,,internal id 0x3FE
derived_from_species_constant,SPECIES_SANDSHREW_A,UNSUPPORTED_PLACEHOLDER,,,false,false,false,form_lab_review,NOT_IMPLEMENTED,PENDING,,,internal id 0x3FF
derived_from_species_constant,SPECIES_SANDSLASH_A,UNSUPPORTED_PLACEHOLDER,,,false,false,false,form_lab_review,NOT_IMPLEMENTED,PENDING,,,internal id 0x400
derived_from_species_constant,SPECIES_VULPIX_A,UNSUPPORTED_PLACEHOLDER,,,false,false,false,form_lab_review,NOT_IMPLEMENTED,PENDING,,,internal id 0x401
derived_from_species_constant,SPECIES_NINETALES_A,UNSUPPORTED_PLACEHOLDER,,,false,false,false,form_lab_review,NOT_IMPLEMENTED,PENDING,,,internal id 0x402
derived_from_species_constant,SPECIES_DIGLETT_A,UNSUPPORTED_PLACEHOLDER,,,false,false,false,form_lab_review,NOT_IMPLEMENTED,PENDING,,,internal id 0x403
derived_from_species_constant,SPECIES_DUGTRIO_A,UNSUPPORTED_PLACEHOLDER,,,false,false,false,form_lab_review,NOT_IMPLEMENTED,PENDING,,,internal id 0x404
derived_from_species_constant,SPECIES_MEOWTH_A,UNSUPPORTED_PLACEHOLDER,,,false,false,false,form_lab_review,NOT_IMPLEMENTED,PENDING,,,internal id 0x405
derived_from_species_constant,SPECIES_PERSIAN_A,UNSUPPORTED_PLACEHOLDER,,,false,false,false,form_lab_review,NOT_IMPLEMENTED,PENDING,,,internal id 0x406
derived_from_species_constant,SPECIES_GEODUDE_A,UNSUPPORTED_PLACEHOLDER,,,false,false,false,form_lab_review,NOT_IMPLEMENTED,PENDING,,,internal id 0x407
derived_from_species_constant,SPECIES_GRAVELER_A,UNSUPPORTED_PLACEHOLDER,,,false,false,false,form_lab_review,NOT_IMPLEMENTED,PENDING,,,internal id 0x408
derived_from_species_constant,SPECIES_GOLEM_A,UNSUPPORTED_PLACEHOLDER,,,false,false,false,form_lab_review,NOT_IMPLEMENTED,PENDING,,,internal id 0x409
derived_from_species_constant,SPECIES_GRIMER_A,UNSUPPORTED_PLACEHOLDER,,,false,false,false,form_lab_review,NOT_IMPLEMENTED,PENDING,,,internal id 0x40A
derived_from_species_constant,SPECIES_MUK_A,UNSUPPORTED_PLACEHOLDER,,,false,false,false,form_lab_review,NOT_IMPLEMENTED,PENDING,,,internal id 0x40B
derived_from_species_constant,SPECIES_EXEGGCUTE_A,UNSUPPORTED_PLACEHOLDER,,,false,false,false,form_lab_review,NOT_IMPLEMENTED,PENDING,,,internal id 0x40C
derived_from_species_constant,SPECIES_EXEGGUTOR_A,UNSUPPORTED_PLACEHOLDER,,,false,false,false,form_lab_review,NOT_IMPLEMENTED,PENDING,,,internal id 0x40D
derived_from_species_constant,SPECIES_CUBONE_A,UNSUPPORTED_PLACEHOLDER,,,false,false,false,form_lab_review,NOT_IMPLEMENTED,PENDING,,,internal id 0x40E
derived_from_species_constant,SPECIES_MAROWAK_A,UNSUPPORTED_PLACEHOLDER,,,false,false,false,form_lab_review,NOT_IMPLEMENTED,PENDING,,,internal id 0x40F
derived_from_species_constant,SPECIES_DEOXYS_ATTACK,FORM_LAB_SELECTABLE,,,false,true,false,cinnabar_form_lab,IMPLEMENTED_UNVERIFIED,C_HANDLER,M5FormLabApplyPreparedForm,EventScript_M5FormResearcher,internal id 0x410
derived_from_species_constant,SPECIES_DEOXYS_DEFENSE,FORM_LAB_SELECTABLE,,,false,true,false,cinnabar_form_lab,IMPLEMENTED_UNVERIFIED,C_HANDLER,M5FormLabApplyPreparedForm,EventScript_M5FormResearcher,internal id 0x411
derived_from_species_constant,SPECIES_DEOXYS_SPEED,FORM_LAB_SELECTABLE,,,false,true,false,cinnabar_form_lab,IMPLEMENTED_UNVERIFIED,C_HANDLER,M5FormLabApplyPreparedForm,EventScript_M5FormResearcher,internal id 0x412
derived_from_species_constant,SPECIES_ORICORIO_Y,UNSUPPORTED_PLACEHOLDER,,,false,false,false,form_lab_review,NOT_IMPLEMENTED,PENDING,,,internal id 0x413
derived_from_species_constant,SPECIES_ORICORIO_P,UNSUPPORTED_PLACEHOLDER,,,false,false,false,form_lab_review,NOT_IMPLEMENTED,PENDING,,,internal id 0x414
derived_from_species_constant,SPECIES_ORICORIO_S,ENCOUNTER_OR_EVOLUTION_LOCKED,,,false,false,false,encounter_or_evolution,NOT_IMPLEMENTED,PENDING,,,internal id 0x415
derived_from_species_constant,SPECIES_LYCANROC_N,UNSUPPORTED_PLACEHOLDER,,,false,false,false,form_lab_review,NOT_IMPLEMENTED,PENDING,,,internal id 0x416
derived_from_species_constant,SPECIES_WISHIWASHI_S,ENCOUNTER_OR_EVOLUTION_LOCKED,,,false,false,false,encounter_or_evolution,NOT_IMPLEMENTED,PENDING,,,internal id 0x417
derived_from_species_constant,SPECIES_SILVALLY_FIGHT,HELD_ITEM_DERIVED,,,false,false,false,existing_cfru_held_item,IMPLEMENTED_UNVERIFIED,C_HANDLER,HoldItemFormChange,,internal id 0x418
derived_from_species_constant,SPECIES_SILVALLY_FLYING,HELD_ITEM_DERIVED,,,false,false,false,existing_cfru_held_item,IMPLEMENTED_UNVERIFIED,C_HANDLER,HoldItemFormChange,,internal id 0x419
derived_from_species_constant,SPECIES_SILVALLY_POISON,HELD_ITEM_DERIVED,,,false,false,false,existing_cfru_held_item,IMPLEMENTED_UNVERIFIED,C_HANDLER,HoldItemFormChange,,internal id 0x41A
derived_from_species_constant,SPECIES_SILVALLY_GROUND,HELD_ITEM_DERIVED,,,false,false,false,existing_cfru_held_item,IMPLEMENTED_UNVERIFIED,C_HANDLER,HoldItemFormChange,,internal id 0x41B
derived_from_species_constant,SPECIES_SILVALLY_ROCK,HELD_ITEM_DERIVED,,,false,false,false,existing_cfru_held_item,IMPLEMENTED_UNVERIFIED,C_HANDLER,HoldItemFormChange,,internal id 0x41C
derived_from_species_constant,SPECIES_SILVALLY_BUG,HELD_ITEM_DERIVED,,,false,false,false,existing_cfru_held_item,IMPLEMENTED_UNVERIFIED,C_HANDLER,HoldItemFormChange,,internal id 0x41D
derived_from_species_constant,SPECIES_SILVALLY_GHOST,HELD_ITEM_DERIVED,,,false,false,false,existing_cfru_held_item,IMPLEMENTED_UNVERIFIED,C_HANDLER,HoldItemFormChange,,internal id 0x41E
derived_from_species_constant,SPECIES_SILVALLY_STEEL,HELD_ITEM_DERIVED,,,false,false,false,existing_cfru_held_item,IMPLEMENTED_UNVERIFIED,C_HANDLER,HoldItemFormChange,,internal id 0x41F
derived_from_species_constant,SPECIES_SILVALLY_FIRE,HELD_ITEM_DERIVED,,,false,false,false,existing_cfru_held_item,IMPLEMENTED_UNVERIFIED,C_HANDLER,HoldItemFormChange,,internal id 0x420
derived_from_species_constant,SPECIES_SILVALLY_WATER,HELD_ITEM_DERIVED,,,false,false,false,existing_cfru_held_item,IMPLEMENTED_UNVERIFIED,C_HANDLER,HoldItemFormChange,,internal id 0x421
derived_from_species_constant,SPECIES_SILVALLY_GRASS,HELD_ITEM_DERIVED,,,false,false,false,existing_cfru_held_item,IMPLEMENTED_UNVERIFIED,C_HANDLER,HoldItemFormChange,,internal id 0x422
derived_from_species_constant,SPECIES_SILVALLY_ELECTRIC,HELD_ITEM_DERIVED,,,false,false,false,existing_cfru_held_item,IMPLEMENTED_UNVERIFIED,C_HANDLER,HoldItemFormChange,,internal id 0x423
derived_from_species_constant,SPECIES_SILVALLY_PSYCHIC,HELD_ITEM_DERIVED,,,false,false,false,existing_cfru_held_item,IMPLEMENTED_UNVERIFIED,C_HANDLER,HoldItemFormChange,,internal id 0x424
derived_from_species_constant,SPECIES_SILVALLY_ICE,HELD_ITEM_DERIVED,,,false,false,false,existing_cfru_held_item,IMPLEMENTED_UNVERIFIED,C_HANDLER,HoldItemFormChange,,internal id 0x425
derived_from_species_constant,SPECIES_SILVALLY_DRAGON,HELD_ITEM_DERIVED,,,false,false,false,existing_cfru_held_item,IMPLEMENTED_UNVERIFIED,C_HANDLER,HoldItemFormChange,,internal id 0x426
derived_from_species_constant,SPECIES_SILVALLY_DARK,HELD_ITEM_DERIVED,,,false,false,false,existing_cfru_held_item,IMPLEMENTED_UNVERIFIED,C_HANDLER,HoldItemFormChange,,internal id 0x427
derived_from_species_constant,SPECIES_SILVALLY_FAIRY,HELD_ITEM_DERIVED,,,false,false,false,existing_cfru_held_item,IMPLEMENTED_UNVERIFIED,C_HANDLER,HoldItemFormChange,,internal id 0x428
derived_from_species_constant,SPECIES_MINIOR_RED,ENCOUNTER_OR_EVOLUTION_LOCKED,,,false,false,false,encounter_or_evolution,NOT_IMPLEMENTED,PENDING,,,internal id 0x429
derived_from_species_constant,SPECIES_MINIOR_BLUE,ENCOUNTER_OR_EVOLUTION_LOCKED,,,false,false,false,encounter_or_evolution,NOT_IMPLEMENTED,PENDING,,,internal id 0x42A
derived_from_species_constant,SPECIES_MINIOR_ORANGE,ENCOUNTER_OR_EVOLUTION_LOCKED,,,false,false,false,encounter_or_evolution,NOT_IMPLEMENTED,PENDING,,,internal id 0x42B
derived_from_species_constant,SPECIES_MINIOR_YELLOW,ENCOUNTER_OR_EVOLUTION_LOCKED,,,false,false,false,encounter_or_evolution,NOT_IMPLEMENTED,PENDING,,,internal id 0x42C
derived_from_species_constant,SPECIES_MINIOR_INDIGO,UNSUPPORTED_PLACEHOLDER,,,false,false,false,form_lab_review,NOT_IMPLEMENTED,PENDING,,,internal id 0x42D
derived_from_species_constant,SPECIES_MINIOR_GREEN,UNSUPPORTED_PLACEHOLDER,,,false,false,false,form_lab_review,NOT_IMPLEMENTED,PENDING,,,internal id 0x42E
derived_from_species_constant,SPECIES_MINIOR_VIOLET,UNSUPPORTED_PLACEHOLDER,,,false,false,false,form_lab_review,NOT_IMPLEMENTED,PENDING,,,internal id 0x42F
derived_from_species_constant,SPECIES_MIMIKYU_BUSTED,BATTLE_ONLY,,,false,false,true,battle_engine,IMPLEMENTED_UNVERIFIED,BATTLE_ENGINE,DoFormChange,,internal id 0x430
derived_from_species_constant,SPECIES_MAGEARNA_P,UNSUPPORTED_PLACEHOLDER,,,false,false,false,form_lab_review,NOT_IMPLEMENTED,PENDING,,,internal id 0x431
derived_from_species_constant,SPECIES_NECROZMA_DUSK_MANE,FUSION_FORM,,,false,true,false,existing_cfru_fusion_storage,IMPLEMENTED_UNVERIFIED,C_HANDLER,ItemUseCB_FormChangeItem,,internal id 0x437
derived_from_species_constant,SPECIES_NECROZMA_DAWN_WINGS,FUSION_FORM,,,false,true,false,existing_cfru_fusion_storage,IMPLEMENTED_UNVERIFIED,C_HANDLER,ItemUseCB_FormChangeItem,,internal id 0x438
derived_from_species_constant,SPECIES_NECROZMA_ULTRA,UNSUPPORTED_PLACEHOLDER,,,false,false,false,form_lab_review,NOT_IMPLEMENTED,PENDING,,,internal id 0x439
derived_from_species_constant,SPECIES_LYCANROC_DUSK,UNSUPPORTED_PLACEHOLDER,,,false,false,false,form_lab_review,NOT_IMPLEMENTED,PENDING,,,internal id 0x43A
derived_from_species_constant,SPECIES_PIKACHU_SURFING,ENCOUNTER_OR_EVOLUTION_LOCKED,,,false,false,false,encounter_or_evolution,NOT_IMPLEMENTED,PENDING,,,internal id 0x43D
derived_from_species_constant,SPECIES_PIKACHU_FLYING,ENCOUNTER_OR_EVOLUTION_LOCKED,,,false,false,false,encounter_or_evolution,NOT_IMPLEMENTED,PENDING,,,internal id 0x43E
derived_from_species_constant,SPECIES_PIKACHU_COSPLAY,UNSUPPORTED_PLACEHOLDER,,,false,false,false,form_lab_review,NOT_IMPLEMENTED,PENDING,,,internal id 0x43F
derived_from_species_constant,SPECIES_PIKACHU_LIBRE,UNSUPPORTED_PLACEHOLDER,,,false,false,false,form_lab_review,NOT_IMPLEMENTED,PENDING,,,internal id 0x440
derived_from_species_constant,SPECIES_PIKACHU_POP_STAR,ENCOUNTER_OR_EVOLUTION_LOCKED,,,false,false,false,encounter_or_evolution,NOT_IMPLEMENTED,PENDING,,,internal id 0x441
derived_from_species_constant,SPECIES_PIKACHU_ROCK_STAR,ENCOUNTER_OR_EVOLUTION_LOCKED,,,false,false,false,encounter_or_evolution,NOT_IMPLEMENTED,PENDING,,,internal id 0x442
derived_from_species_constant,SPECIES_PIKACHU_BELLE,UNSUPPORTED_PLACEHOLDER,,,false,false,false,form_lab_review,NOT_IMPLEMENTED,PENDING,,,internal id 0x443
derived_from_species_constant,SPECIES_PIKACHU_PHD,UNSUPPORTED_PLACEHOLDER,,,false,false,false,form_lab_review,NOT_IMPLEMENTED,PENDING,,,internal id 0x444
derived_from_species_constant,SPECIES_PIKACHU_CAP_ORIGINAL,UNSUPPORTED_PLACEHOLDER,,,false,false,false,form_lab_review,NOT_IMPLEMENTED,PENDING,,,internal id 0x445
derived_from_species_constant,SPECIES_PIKACHU_CAP_HOENN,UNSUPPORTED_PLACEHOLDER,,,false,false,false,form_lab_review,NOT_IMPLEMENTED,PENDING,,,internal id 0x446
derived_from_species_constant,SPECIES_PIKACHU_CAP_SINNOH,ENCOUNTER_OR_EVOLUTION_LOCKED,,,false,false,false,encounter_or_evolution,NOT_IMPLEMENTED,PENDING,,,internal id 0x447
derived_from_species_constant,SPECIES_PIKACHU_CAP_UNOVA,UNSUPPORTED_PLACEHOLDER,,,false,false,false,form_lab_review,NOT_IMPLEMENTED,PENDING,,,internal id 0x448
derived_from_species_constant,SPECIES_PIKACHU_CAP_KALOS,UNSUPPORTED_PLACEHOLDER,,,false,false,false,form_lab_review,NOT_IMPLEMENTED,PENDING,,,internal id 0x449
derived_from_species_constant,SPECIES_PIKACHU_CAP_ALOLA,REGIONAL_DISTINCT,,,false,false,false,encounter_or_evolution,NOT_IMPLEMENTED,PENDING,,,internal id 0x44A
derived_from_species_constant,SPECIES_PIKACHU_CAP_PARTNER,UNSUPPORTED_PLACEHOLDER,,,false,false,false,form_lab_review,NOT_IMPLEMENTED,PENDING,,,internal id 0x44B
derived_from_species_constant,SPECIES_PICHU_SPIKY,ENCOUNTER_OR_EVOLUTION_LOCKED,,,false,false,false,encounter_or_evolution,NOT_IMPLEMENTED,PENDING,,,internal id 0x44C
derived_from_species_constant,SPECIES_XERNEAS_NATURAL,UNSUPPORTED_PLACEHOLDER,,,false,false,false,form_lab_review,NOT_IMPLEMENTED,PENDING,,,internal id 0x44D
derived_from_species_constant,SPECIES_MR_RIME,UNSUPPORTED_PLACEHOLDER,,,false,false,false,form_lab_review,NOT_IMPLEMENTED,PENDING,,,internal id 0x486
derived_from_species_constant,SPECIES_ALCREMIE_STRAWBERRY,ENCOUNTER_OR_EVOLUTION_LOCKED,,,false,false,false,encounter_or_evolution,NOT_IMPLEMENTED,PENDING,,,internal id 0x489
derived_from_species_constant,SPECIES_URSHIFU_SINGLE,ENCOUNTER_OR_EVOLUTION_LOCKED,,,false,false,false,encounter_or_evolution,NOT_IMPLEMENTED,PENDING,,,internal id 0x4A0
derived_from_species_constant,SPECIES_CRAMORANT_GULPING,UNSUPPORTED_PLACEHOLDER,,,false,false,false,form_lab_review,NOT_IMPLEMENTED,PENDING,,,internal id 0x4A7
derived_from_species_constant,SPECIES_CRAMORANT_GORGING,UNSUPPORTED_PLACEHOLDER,,,false,false,false,form_lab_review,NOT_IMPLEMENTED,PENDING,,,internal id 0x4A8
derived_from_species_constant,SPECIES_TOXTRICITY_LOW_KEY,UNSUPPORTED_PLACEHOLDER,,,false,false,false,form_lab_review,NOT_IMPLEMENTED,PENDING,,,internal id 0x4A9
derived_from_species_constant,SPECIES_SINISTEA_CHIPPED,UNSUPPORTED_PLACEHOLDER,,,false,false,false,form_lab_review,NOT_IMPLEMENTED,PENDING,,,internal id 0x4AA
derived_from_species_constant,SPECIES_POLTEAGEIST_CHIPPED,UNSUPPORTED_PLACEHOLDER,,,false,false,false,form_lab_review,NOT_IMPLEMENTED,PENDING,,,internal id 0x4AB
derived_from_species_constant,SPECIES_ALCREMIE_BERRY,UNSUPPORTED_PLACEHOLDER,,,false,false,false,form_lab_review,NOT_IMPLEMENTED,PENDING,,,internal id 0x4AC
derived_from_species_constant,SPECIES_ALCREMIE_CLOVER,UNSUPPORTED_PLACEHOLDER,,,false,false,false,form_lab_review,NOT_IMPLEMENTED,PENDING,,,internal id 0x4AD
derived_from_species_constant,SPECIES_ALCREMIE_FLOWER,ENCOUNTER_OR_EVOLUTION_LOCKED,,,false,false,false,encounter_or_evolution,NOT_IMPLEMENTED,PENDING,,,internal id 0x4AE
derived_from_species_constant,SPECIES_ALCREMIE_LOVE,UNSUPPORTED_PLACEHOLDER,,,false,false,false,form_lab_review,NOT_IMPLEMENTED,PENDING,,,internal id 0x4AF
derived_from_species_constant,SPECIES_ALCREMIE_RIBBON,UNSUPPORTED_PLACEHOLDER,,,false,false,false,form_lab_review,NOT_IMPLEMENTED,PENDING,,,internal id 0x4B0
derived_from_species_constant,SPECIES_ALCREMIE_STAR,ENCOUNTER_OR_EVOLUTION_LOCKED,,,false,false,false,encounter_or_evolution,NOT_IMPLEMENTED,PENDING,,,internal id 0x4B1
derived_from_species_constant,SPECIES_EISCUE_NOICE,BATTLE_ONLY,,,false,false,true,battle_engine,IMPLEMENTED_UNVERIFIED,BATTLE_ENGINE,DoFormChange,,internal id 0x4B2
derived_from_species_constant,SPECIES_INDEEDEE_FEMALE,ENCOUNTER_OR_EVOLUTION_LOCKED,,,false,false,false,encounter_or_evolution,NOT_IMPLEMENTED,PENDING,,,internal id 0x4B3
derived_from_species_constant,SPECIES_MORPEKO_HANGRY,UNSUPPORTED_PLACEHOLDER,,,false,false,false,form_lab_review,NOT_IMPLEMENTED,PENDING,,,internal id 0x4B4
derived_from_species_constant,SPECIES_ZACIAN_CROWNED,HELD_ITEM_DERIVED,,,false,false,false,existing_cfru_held_item,IMPLEMENTED_UNVERIFIED,C_HANDLER,HoldItemFormChange,,internal id 0x4B5
derived_from_species_constant,SPECIES_ZAMAZENTA_CROWNED,HELD_ITEM_DERIVED,,,false,false,false,existing_cfru_held_item,IMPLEMENTED_UNVERIFIED,C_HANDLER,HoldItemFormChange,,internal id 0x4B6
derived_from_species_constant,SPECIES_ETERNATUS_ETERNAMAX,UNSUPPORTED_PLACEHOLDER,,,false,false,false,form_lab_review,NOT_IMPLEMENTED,PENDING,,,internal id 0x4B7
derived_from_species_constant,SPECIES_URSHIFU_RAPID,UNSUPPORTED_PLACEHOLDER,,,false,false,false,form_lab_review,NOT_IMPLEMENTED,PENDING,,,internal id 0x4B8
derived_from_species_constant,SPECIES_ZARUDE_DADA,UNSUPPORTED_PLACEHOLDER,,,false,false,false,form_lab_review,NOT_IMPLEMENTED,PENDING,,,internal id 0x4B9
derived_from_species_constant,SPECIES_CALYREX_ICE_RIDER,FUSION_FORM,,,false,true,false,existing_cfru_fusion_storage,IMPLEMENTED_UNVERIFIED,C_HANDLER,ItemUseCB_FormChangeItem,,internal id 0x4BA
derived_from_species_constant,SPECIES_CALYREX_SHADOW_RIDER,FUSION_FORM,,,false,true,false,existing_cfru_fusion_storage,IMPLEMENTED_UNVERIFIED,C_HANDLER,ItemUseCB_FormChangeItem,,internal id 0x4BB
derived_from_species_constant,SPECIES_MEOWTH_G,UNSUPPORTED_PLACEHOLDER,,,false,false,false,form_lab_review,NOT_IMPLEMENTED,PENDING,,,internal id 0x4BC
derived_from_species_constant,SPECIES_PONYTA_G,UNSUPPORTED_PLACEHOLDER,,,false,false,false,form_lab_review,NOT_IMPLEMENTED,PENDING,,,internal id 0x4BD
derived_from_species_constant,SPECIES_RAPIDASH_G,UNSUPPORTED_PLACEHOLDER,,,false,false,false,form_lab_review,NOT_IMPLEMENTED,PENDING,,,internal id 0x4BE
derived_from_species_constant,SPECIES_SLOWPOKE_G,UNSUPPORTED_PLACEHOLDER,,,false,false,false,form_lab_review,NOT_IMPLEMENTED,PENDING,,,internal id 0x4BF
derived_from_species_constant,SPECIES_SLOWBRO_G,UNSUPPORTED_PLACEHOLDER,,,false,false,false,form_lab_review,NOT_IMPLEMENTED,PENDING,,,internal id 0x4C0
derived_from_species_constant,SPECIES_FARFETCHD_G,UNSUPPORTED_PLACEHOLDER,,,false,false,false,form_lab_review,NOT_IMPLEMENTED,PENDING,,,internal id 0x4C1
derived_from_species_constant,SPECIES_KOFFING_G,UNSUPPORTED_PLACEHOLDER,,,false,false,false,form_lab_review,NOT_IMPLEMENTED,PENDING,,,internal id 0x4C2
derived_from_species_constant,SPECIES_WEEZING_G,UNSUPPORTED_PLACEHOLDER,,,false,false,false,form_lab_review,NOT_IMPLEMENTED,PENDING,,,internal id 0x4C3
derived_from_species_constant,SPECIES_MR_MIME_G,ENCOUNTER_OR_EVOLUTION_LOCKED,,,false,false,false,encounter_or_evolution,NOT_IMPLEMENTED,PENDING,,,internal id 0x4C4
derived_from_species_constant,SPECIES_ARTICUNO_G,UNSUPPORTED_PLACEHOLDER,,,false,false,false,form_lab_review,NOT_IMPLEMENTED,PENDING,,,internal id 0x4C5
derived_from_species_constant,SPECIES_ZAPDOS_G,UNSUPPORTED_PLACEHOLDER,,,false,false,false,form_lab_review,NOT_IMPLEMENTED,PENDING,,,internal id 0x4C6
derived_from_species_constant,SPECIES_MOLTRES_G,UNSUPPORTED_PLACEHOLDER,,,false,false,false,form_lab_review,NOT_IMPLEMENTED,PENDING,,,internal id 0x4C7
derived_from_species_constant,SPECIES_SLOWKING_G,UNSUPPORTED_PLACEHOLDER,,,false,false,false,form_lab_review,NOT_IMPLEMENTED,PENDING,,,internal id 0x4C8
derived_from_species_constant,SPECIES_CORSOLA_G,UNSUPPORTED_PLACEHOLDER,,,false,false,false,form_lab_review,NOT_IMPLEMENTED,PENDING,,,internal id 0x4C9
derived_from_species_constant,SPECIES_ZIGZAGOON_G,UNSUPPORTED_PLACEHOLDER,,,false,false,false,form_lab_review,NOT_IMPLEMENTED,PENDING,,,internal id 0x4CA
derived_from_species_constant,SPECIES_LINOONE_G,UNSUPPORTED_PLACEHOLDER,,,false,false,false,form_lab_review,NOT_IMPLEMENTED,PENDING,,,internal id 0x4CB
derived_from_species_constant,SPECIES_MIME_JR_G,UNSUPPORTED_PLACEHOLDER,,,false,false,false,form_lab_review,NOT_IMPLEMENTED,PENDING,,,internal id 0x4CC
derived_from_species_constant,SPECIES_DARUMAKA_G,UNSUPPORTED_PLACEHOLDER,,,false,false,false,form_lab_review,NOT_IMPLEMENTED,PENDING,,,internal id 0x4CD
derived_from_species_constant,SPECIES_DARMANITAN_G,UNSUPPORTED_PLACEHOLDER,,,false,false,false,form_lab_review,NOT_IMPLEMENTED,PENDING,,,internal id 0x4CE
derived_from_species_constant,SPECIES_DARMANITAN_G_ZEN,BATTLE_ONLY,,,false,false,true,battle_engine,IMPLEMENTED_UNVERIFIED,BATTLE_ENGINE,DoFormChange,,internal id 0x4CF
derived_from_species_constant,SPECIES_YAMASK_G,UNSUPPORTED_PLACEHOLDER,,,false,false,false,form_lab_review,NOT_IMPLEMENTED,PENDING,,,internal id 0x4D0
derived_from_species_constant,SPECIES_STUNFISK_G,UNSUPPORTED_PLACEHOLDER,,,false,false,false,form_lab_review,NOT_IMPLEMENTED,PENDING,,,internal id 0x4D1
derived_from_species_constant,SPECIES_GROWLITHE_H,UNSUPPORTED_PLACEHOLDER,,,false,false,false,form_lab_review,NOT_IMPLEMENTED,PENDING,,,internal id 0x4D2
derived_from_species_constant,SPECIES_ARCANINE_H,UNSUPPORTED_PLACEHOLDER,,,false,false,false,form_lab_review,NOT_IMPLEMENTED,PENDING,,,internal id 0x4D3
derived_from_species_constant,SPECIES_VOLTORB_H,UNSUPPORTED_PLACEHOLDER,,,false,false,false,form_lab_review,NOT_IMPLEMENTED,PENDING,,,internal id 0x4D4
derived_from_species_constant,SPECIES_ELECTRODE_H,UNSUPPORTED_PLACEHOLDER,,,false,false,false,form_lab_review,NOT_IMPLEMENTED,PENDING,,,internal id 0x4D5
derived_from_species_constant,SPECIES_TYPHLOSION_H,UNSUPPORTED_PLACEHOLDER,,,false,false,false,form_lab_review,NOT_IMPLEMENTED,PENDING,,,internal id 0x4D6
derived_from_species_constant,SPECIES_QWILFISH_H,UNSUPPORTED_PLACEHOLDER,,,false,false,false,form_lab_review,NOT_IMPLEMENTED,PENDING,,,internal id 0x4D7
derived_from_species_constant,SPECIES_SNEASEL_H,UNSUPPORTED_PLACEHOLDER,,,false,false,false,form_lab_review,NOT_IMPLEMENTED,PENDING,,,internal id 0x4D8
derived_from_species_constant,SPECIES_SAMUROTT_H,UNSUPPORTED_PLACEHOLDER,,,false,false,false,form_lab_review,NOT_IMPLEMENTED,PENDING,,,internal id 0x4D9
derived_from_species_constant,SPECIES_LILLIGANT_H,UNSUPPORTED_PLACEHOLDER,,,false,false,false,form_lab_review,NOT_IMPLEMENTED,PENDING,,,internal id 0x4DA
derived_from_species_constant,SPECIES_BASCULIN_H,UNSUPPORTED_PLACEHOLDER,,,false,false,false,form_lab_review,NOT_IMPLEMENTED,PENDING,,,internal id 0x4DB
derived_from_species_constant,SPECIES_ZORUA_H,UNSUPPORTED_PLACEHOLDER,,,false,false,false,form_lab_review,NOT_IMPLEMENTED,PENDING,,,internal id 0x4DC
derived_from_species_constant,SPECIES_ZOROARK_H,UNSUPPORTED_PLACEHOLDER,,,false,false,false,form_lab_review,NOT_IMPLEMENTED,PENDING,,,internal id 0x4DD
derived_from_species_constant,SPECIES_BRAVIARY_H,UNSUPPORTED_PLACEHOLDER,,,false,false,false,form_lab_review,NOT_IMPLEMENTED,PENDING,,,internal id 0x4DE
derived_from_species_constant,SPECIES_SLIGGOO_H,UNSUPPORTED_PLACEHOLDER,,,false,false,false,form_lab_review,NOT_IMPLEMENTED,PENDING,,,internal id 0x4DF
derived_from_species_constant,SPECIES_GOODRA_H,UNSUPPORTED_PLACEHOLDER,,,false,false,false,form_lab_review,NOT_IMPLEMENTED,PENDING,,,internal id 0x4E0
derived_from_species_constant,SPECIES_AVALUGG_H,UNSUPPORTED_PLACEHOLDER,,,false,false,false,form_lab_review,NOT_IMPLEMENTED,PENDING,,,internal id 0x4E1
derived_from_species_constant,SPECIES_DECIDUEYE_H,UNSUPPORTED_PLACEHOLDER,,,false,false,false,form_lab_review,NOT_IMPLEMENTED,PENDING,,,internal id 0x4E2
derived_from_species_constant,SPECIES_BASCULEGION_M,ENCOUNTER_OR_EVOLUTION_LOCKED,,,false,false,false,encounter_or_evolution,NOT_IMPLEMENTED,PENDING,,,internal id 0x4E6
derived_from_species_constant,SPECIES_BASCULEGION_F,ENCOUNTER_OR_EVOLUTION_LOCKED,,,false,false,false,encounter_or_evolution,NOT_IMPLEMENTED,PENDING,,,internal id 0x4E7
derived_from_species_constant,SPECIES_ENAMORUS_THERIAN,KEY_ITEM_TOGGLE,,,false,true,false,existing_cfru_key_item,IMPLEMENTED_UNVERIFIED,C_HANDLER,ItemUseCB_FormChangeItem,,internal id 0x4EB
derived_from_species_constant,SPECIES_VENUSAUR_GIGA,BATTLE_ONLY,,,false,false,true,battle_engine,IMPLEMENTED_UNVERIFIED,BATTLE_ENGINE,DoFormChange,,internal id 0x4EC
derived_from_species_constant,SPECIES_CHARIZARD_GIGA,BATTLE_ONLY,,,false,false,true,battle_engine,IMPLEMENTED_UNVERIFIED,BATTLE_ENGINE,DoFormChange,,internal id 0x4ED
derived_from_species_constant,SPECIES_BLASTOISE_GIGA,BATTLE_ONLY,,,false,false,true,battle_engine,IMPLEMENTED_UNVERIFIED,BATTLE_ENGINE,DoFormChange,,internal id 0x4EE
derived_from_species_constant,SPECIES_BUTTERFREE_GIGA,BATTLE_ONLY,,,false,false,true,battle_engine,IMPLEMENTED_UNVERIFIED,BATTLE_ENGINE,DoFormChange,,internal id 0x4EF
derived_from_species_constant,SPECIES_PIKACHU_GIGA,BATTLE_ONLY,,,false,false,true,battle_engine,IMPLEMENTED_UNVERIFIED,BATTLE_ENGINE,DoFormChange,,internal id 0x4F0
derived_from_species_constant,SPECIES_MEOWTH_GIGA,BATTLE_ONLY,,,false,false,true,battle_engine,IMPLEMENTED_UNVERIFIED,BATTLE_ENGINE,DoFormChange,,internal id 0x4F1
derived_from_species_constant,SPECIES_MACHAMP_GIGA,BATTLE_ONLY,,,false,false,true,battle_engine,IMPLEMENTED_UNVERIFIED,BATTLE_ENGINE,DoFormChange,,internal id 0x4F2
derived_from_species_constant,SPECIES_GENGAR_GIGA,BATTLE_ONLY,,,false,false,true,battle_engine,IMPLEMENTED_UNVERIFIED,BATTLE_ENGINE,DoFormChange,,internal id 0x4F3
derived_from_species_constant,SPECIES_KINGLER_GIGA,BATTLE_ONLY,,,false,false,true,battle_engine,IMPLEMENTED_UNVERIFIED,BATTLE_ENGINE,DoFormChange,,internal id 0x4F4
derived_from_species_constant,SPECIES_LAPRAS_GIGA,BATTLE_ONLY,,,false,false,true,battle_engine,IMPLEMENTED_UNVERIFIED,BATTLE_ENGINE,DoFormChange,,internal id 0x4F5
derived_from_species_constant,SPECIES_EEVEE_GIGA,BATTLE_ONLY,,,false,false,true,battle_engine,IMPLEMENTED_UNVERIFIED,BATTLE_ENGINE,DoFormChange,,internal id 0x4F6
derived_from_species_constant,SPECIES_SNORLAX_GIGA,BATTLE_ONLY,,,false,false,true,battle_engine,IMPLEMENTED_UNVERIFIED,BATTLE_ENGINE,DoFormChange,,internal id 0x4F7
derived_from_species_constant,SPECIES_GARBODOR_GIGA,BATTLE_ONLY,,,false,false,true,battle_engine,IMPLEMENTED_UNVERIFIED,BATTLE_ENGINE,DoFormChange,,internal id 0x4F8
derived_from_species_constant,SPECIES_MELMETAL_GIGA,BATTLE_ONLY,,,false,false,true,battle_engine,IMPLEMENTED_UNVERIFIED,BATTLE_ENGINE,DoFormChange,,internal id 0x4F9
derived_from_species_constant,SPECIES_RILLABOOM_GIGA,BATTLE_ONLY,,,false,false,true,battle_engine,IMPLEMENTED_UNVERIFIED,BATTLE_ENGINE,DoFormChange,,internal id 0x4FA
derived_from_species_constant,SPECIES_CINDERACE_GIGA,BATTLE_ONLY,,,false,false,true,battle_engine,IMPLEMENTED_UNVERIFIED,BATTLE_ENGINE,DoFormChange,,internal id 0x4FB
derived_from_species_constant,SPECIES_INTELEON_GIGA,BATTLE_ONLY,,,false,false,true,battle_engine,IMPLEMENTED_UNVERIFIED,BATTLE_ENGINE,DoFormChange,,internal id 0x4FC
derived_from_species_constant,SPECIES_CORVIKNIGHT_GIGA,BATTLE_ONLY,,,false,false,true,battle_engine,IMPLEMENTED_UNVERIFIED,BATTLE_ENGINE,DoFormChange,,internal id 0x4FD
derived_from_species_constant,SPECIES_ORBEETLE_GIGA,BATTLE_ONLY,,,false,false,true,battle_engine,IMPLEMENTED_UNVERIFIED,BATTLE_ENGINE,DoFormChange,,internal id 0x4FE
derived_from_species_constant,SPECIES_DREDNAW_GIGA,BATTLE_ONLY,,,false,false,true,battle_engine,IMPLEMENTED_UNVERIFIED,BATTLE_ENGINE,DoFormChange,,internal id 0x4FF
derived_from_species_constant,SPECIES_COALOSSAL_GIGA,BATTLE_ONLY,,,false,false,true,battle_engine,IMPLEMENTED_UNVERIFIED,BATTLE_ENGINE,DoFormChange,,internal id 0x500
derived_from_species_constant,SPECIES_FLAPPLE_GIGA,BATTLE_ONLY,,,false,false,true,battle_engine,IMPLEMENTED_UNVERIFIED,BATTLE_ENGINE,DoFormChange,,internal id 0x501
derived_from_species_constant,SPECIES_APPLETUN_GIGA,BATTLE_ONLY,,,false,false,true,battle_engine,IMPLEMENTED_UNVERIFIED,BATTLE_ENGINE,DoFormChange,,internal id 0x502
derived_from_species_constant,SPECIES_SANDACONDA_GIGA,BATTLE_ONLY,,,false,false,true,battle_engine,IMPLEMENTED_UNVERIFIED,BATTLE_ENGINE,DoFormChange,,internal id 0x503
derived_from_species_constant,SPECIES_TOXTRICITY_GIGA,BATTLE_ONLY,,,false,false,true,battle_engine,IMPLEMENTED_UNVERIFIED,BATTLE_ENGINE,DoFormChange,,internal id 0x504
derived_from_species_constant,SPECIES_TOXTRICITY_LOW_KEY_GIGA,BATTLE_ONLY,,,false,false,true,battle_engine,IMPLEMENTED_UNVERIFIED,BATTLE_ENGINE,DoFormChange,,internal id 0x505
derived_from_species_constant,SPECIES_CENTISKORCH_GIGA,BATTLE_ONLY,,,false,false,true,battle_engine,IMPLEMENTED_UNVERIFIED,BATTLE_ENGINE,DoFormChange,,internal id 0x506
derived_from_species_constant,SPECIES_HATTERENE_GIGA,BATTLE_ONLY,,,false,false,true,battle_engine,IMPLEMENTED_UNVERIFIED,BATTLE_ENGINE,DoFormChange,,internal id 0x507
derived_from_species_constant,SPECIES_GRIMMSNARL_GIGA,BATTLE_ONLY,,,false,false,true,battle_engine,IMPLEMENTED_UNVERIFIED,BATTLE_ENGINE,DoFormChange,,internal id 0x508
derived_from_species_constant,SPECIES_ALCREMIE_GIGA,BATTLE_ONLY,,,false,false,true,battle_engine,IMPLEMENTED_UNVERIFIED,BATTLE_ENGINE,DoFormChange,,internal id 0x509
derived_from_species_constant,SPECIES_COPPERAJAH_GIGA,BATTLE_ONLY,,,false,false,true,battle_engine,IMPLEMENTED_UNVERIFIED,BATTLE_ENGINE,DoFormChange,,internal id 0x50A
derived_from_species_constant,SPECIES_DURALUDON_GIGA,BATTLE_ONLY,,,false,false,true,battle_engine,IMPLEMENTED_UNVERIFIED,BATTLE_ENGINE,DoFormChange,,internal id 0x50B
derived_from_species_constant,SPECIES_URSHIFU_SINGLE_GIGA,BATTLE_ONLY,,,false,false,true,battle_engine,IMPLEMENTED_UNVERIFIED,BATTLE_ENGINE,DoFormChange,,internal id 0x50C
derived_from_species_constant,SPECIES_URSHIFU_RAPID_GIGA,BATTLE_ONLY,,,false,false,true,battle_engine,IMPLEMENTED_UNVERIFIED,BATTLE_ENGINE,DoFormChange,,internal id 0x50D
derived_from_species_constant,SPECIES_OINKOLOGNE_FEMALE,ENCOUNTER_OR_EVOLUTION_LOCKED,,,false,false,false,encounter_or_evolution,NOT_IMPLEMENTED,PENDING,,,internal id 0x519
derived_from_species_constant,SPECIES_MAUSHOLD_FOUR,ENCOUNTER_OR_EVOLUTION_LOCKED,,,false,false,false,encounter_or_evolution,NOT_IMPLEMENTED,PENDING,,,internal id 0x523
derived_from_species_constant,SPECIES_SQUAWKABILLY_BLUE,ENCOUNTER_OR_EVOLUTION_LOCKED,,,false,false,false,encounter_or_evolution,NOT_IMPLEMENTED,PENDING,,,internal id 0x52A
derived_from_species_constant,SPECIES_SQUAWKABILLY_YELLOW,ENCOUNTER_OR_EVOLUTION_LOCKED,,,false,false,false,encounter_or_evolution,NOT_IMPLEMENTED,PENDING,,,internal id 0x52B
derived_from_species_constant,SPECIES_SQUAWKABILLY_WHITE,ENCOUNTER_OR_EVOLUTION_LOCKED,,,false,false,false,encounter_or_evolution,NOT_IMPLEMENTED,PENDING,,,internal id 0x52C
derived_from_species_constant,SPECIES_PALAFIN_HERO,BATTLE_ONLY,,,false,false,true,battle_engine,IMPLEMENTED_UNVERIFIED,BATTLE_ENGINE,DoFormChange,,internal id 0x54E
derived_from_species_constant,SPECIES_TATSUGIRI_RED,ENCOUNTER_OR_EVOLUTION_LOCKED,,,false,false,false,encounter_or_evolution,NOT_IMPLEMENTED,PENDING,,,internal id 0x55D
derived_from_species_constant,SPECIES_TATSUGIRI_YELLOW,ENCOUNTER_OR_EVOLUTION_LOCKED,,,false,false,false,encounter_or_evolution,NOT_IMPLEMENTED,PENDING,,,internal id 0x55E
derived_from_species_constant,SPECIES_DUDUNSPARCE_THREE,ENCOUNTER_OR_EVOLUTION_LOCKED,,,false,false,false,encounter_or_evolution,NOT_IMPLEMENTED,PENDING,,,internal id 0x563
derived_from_species_constant,SPECIES_GREAT_TUSK,UNSUPPORTED_PLACEHOLDER,,,false,false,false,form_lab_review,NOT_IMPLEMENTED,PENDING,,,internal id 0x565
derived_from_species_constant,SPECIES_SCREAM_TAIL,UNSUPPORTED_PLACEHOLDER,,,false,false,false,form_lab_review,NOT_IMPLEMENTED,PENDING,,,internal id 0x566
derived_from_species_constant,SPECIES_BRUTE_BONNET,UNSUPPORTED_PLACEHOLDER,,,false,false,false,form_lab_review,NOT_IMPLEMENTED,PENDING,,,internal id 0x567
derived_from_species_constant,SPECIES_FLUTTER_MANE,ENCOUNTER_OR_EVOLUTION_LOCKED,,,false,false,false,encounter_or_evolution,NOT_IMPLEMENTED,PENDING,,,internal id 0x568
derived_from_species_constant,SPECIES_SLITHER_WING,UNSUPPORTED_PLACEHOLDER,,,false,false,false,form_lab_review,NOT_IMPLEMENTED,PENDING,,,internal id 0x569
derived_from_species_constant,SPECIES_SANDY_SHOCKS,ENCOUNTER_OR_EVOLUTION_LOCKED,,,false,false,false,encounter_or_evolution,NOT_IMPLEMENTED,PENDING,,,internal id 0x56A
derived_from_species_constant,SPECIES_IRON_TREADS,UNSUPPORTED_PLACEHOLDER,,,false,false,false,form_lab_review,NOT_IMPLEMENTED,PENDING,,,internal id 0x56B
derived_from_species_constant,SPECIES_IRON_BUNDLE,UNSUPPORTED_PLACEHOLDER,,,false,false,false,form_lab_review,NOT_IMPLEMENTED,PENDING,,,internal id 0x56C
derived_from_species_constant,SPECIES_IRON_HANDS,UNSUPPORTED_PLACEHOLDER,,,false,false,false,form_lab_review,NOT_IMPLEMENTED,PENDING,,,internal id 0x56D
derived_from_species_constant,SPECIES_IRON_JUGULIS,UNSUPPORTED_PLACEHOLDER,,,false,false,false,form_lab_review,NOT_IMPLEMENTED,PENDING,,,internal id 0x56E
derived_from_species_constant,SPECIES_IRON_MOTH,ENCOUNTER_OR_EVOLUTION_LOCKED,,,false,false,false,encounter_or_evolution,NOT_IMPLEMENTED,PENDING,,,internal id 0x56F
derived_from_species_constant,SPECIES_IRON_THORNS,UNSUPPORTED_PLACEHOLDER,,,false,false,false,form_lab_review,NOT_IMPLEMENTED,PENDING,,,internal id 0x570
derived_from_species_constant,SPECIES_GIMMIGHOUL_ROAMING,UNSUPPORTED_PLACEHOLDER,,,false,false,false,form_lab_review,NOT_IMPLEMENTED,PENDING,,,internal id 0x575
derived_from_species_constant,SPECIES_WO_CHIEN,UNSUPPORTED_PLACEHOLDER,,,false,false,false,form_lab_review,NOT_IMPLEMENTED,PENDING,,,internal id 0x577
derived_from_species_constant,SPECIES_CHIEN_PAO,UNSUPPORTED_PLACEHOLDER,,,false,false,false,form_lab_review,NOT_IMPLEMENTED,PENDING,,,internal id 0x578
derived_from_species_constant,SPECIES_TING_LU,UNSUPPORTED_PLACEHOLDER,,,false,false,false,form_lab_review,NOT_IMPLEMENTED,PENDING,,,internal id 0x579
derived_from_species_constant,SPECIES_CHI_YU,UNSUPPORTED_PLACEHOLDER,,,false,false,false,form_lab_review,NOT_IMPLEMENTED,PENDING,,,internal id 0x57A
derived_from_species_constant,SPECIES_ROARING_MOON,ENCOUNTER_OR_EVOLUTION_LOCKED,,,false,false,false,encounter_or_evolution,NOT_IMPLEMENTED,PENDING,,,internal id 0x57B
derived_from_species_constant,SPECIES_IRON_VALIANT,UNSUPPORTED_PLACEHOLDER,,,false,false,false,form_lab_review,NOT_IMPLEMENTED,PENDING,,,internal id 0x57C
derived_from_species_constant,SPECIES_WALKING_WAKE,UNSUPPORTED_PLACEHOLDER,,,false,false,false,form_lab_review,NOT_IMPLEMENTED,PENDING,,,internal id 0x57F
derived_from_species_constant,SPECIES_IRON_LEAVES,UNSUPPORTED_PLACEHOLDER,,,false,false,false,form_lab_review,NOT_IMPLEMENTED,PENDING,,,internal id 0x580
derived_from_species_constant,SPECIES_TAUROS_P,UNSUPPORTED_PLACEHOLDER,,,false,false,false,form_lab_review,NOT_IMPLEMENTED,PENDING,,,internal id 0x581
derived_from_species_constant,SPECIES_TAUROS_BLAZE_P,KEY_ITEM_TOGGLE,,,false,true,false,existing_cfru_key_item,IMPLEMENTED_UNVERIFIED,C_HANDLER,ItemUseCB_FormChangeItem,,internal id 0x582
derived_from_species_constant,SPECIES_TAUROS_AQUA_P,KEY_ITEM_TOGGLE,,,false,true,false,existing_cfru_key_item,IMPLEMENTED_UNVERIFIED,C_HANDLER,ItemUseCB_FormChangeItem,,internal id 0x583
derived_from_species_constant,SPECIES_WOOPER_P,UNSUPPORTED_PLACEHOLDER,,,false,false,false,form_lab_review,NOT_IMPLEMENTED,PENDING,,,internal id 0x584
derived_from_species_constant,SPECIES_URSALUNA_BLOODMOON,UNSUPPORTED_PLACEHOLDER,,,false,false,false,form_lab_review,NOT_IMPLEMENTED,PENDING,,,internal id 0x585
derived_from_species_constant,SPECIES_POLTCHAGEIST_ARTISAN,UNSUPPORTED_PLACEHOLDER,,,false,false,false,form_lab_review,NOT_IMPLEMENTED,PENDING,,,internal id 0x588
derived_from_species_constant,SPECIES_SINISTCHA_MASTERPIECE,ENCOUNTER_OR_EVOLUTION_LOCKED,,,false,false,false,encounter_or_evolution,NOT_IMPLEMENTED,PENDING,,,internal id 0x58A
derived_from_species_constant,SPECIES_OGERPON_WELLSPRING_MASK,HELD_ITEM_DERIVED,,,false,false,false,existing_cfru_held_item,IMPLEMENTED_UNVERIFIED,C_HANDLER,HoldItemFormChange,,internal id 0x58F
derived_from_species_constant,SPECIES_OGERPON_HEARTHFLAME_MASK,HELD_ITEM_DERIVED,,,false,false,false,existing_cfru_held_item,IMPLEMENTED_UNVERIFIED,C_HANDLER,HoldItemFormChange,,internal id 0x590
derived_from_species_constant,SPECIES_OGERPON_CORNERSTONE_MASK,HELD_ITEM_DERIVED,,,false,false,false,existing_cfru_held_item,IMPLEMENTED_UNVERIFIED,C_HANDLER,HoldItemFormChange,,internal id 0x591
derived_from_species_constant,SPECIES_OGERPON_GREEN,UNSUPPORTED_PLACEHOLDER,,,false,false,false,form_lab_review,NOT_IMPLEMENTED,PENDING,,,internal id 0x592
derived_from_species_constant,SPECIES_OGERPON_BLUE,ENCOUNTER_OR_EVOLUTION_LOCKED,,,false,false,false,encounter_or_evolution,NOT_IMPLEMENTED,PENDING,,,internal id 0x593
derived_from_species_constant,SPECIES_OGERPON_RED,ENCOUNTER_OR_EVOLUTION_LOCKED,,,false,false,false,encounter_or_evolution,NOT_IMPLEMENTED,PENDING,,,internal id 0x594
derived_from_species_constant,SPECIES_OGERPON_GREY,UNSUPPORTED_PLACEHOLDER,,,false,false,false,form_lab_review,NOT_IMPLEMENTED,PENDING,,,internal id 0x595
derived_from_species_constant,SPECIES_GOUGING_FIRE,ENCOUNTER_OR_EVOLUTION_LOCKED,,,false,false,false,encounter_or_evolution,NOT_IMPLEMENTED,PENDING,,,internal id 0x598
derived_from_species_constant,SPECIES_RAGING_BOLT,UNSUPPORTED_PLACEHOLDER,,,false,false,false,form_lab_review,NOT_IMPLEMENTED,PENDING,,,internal id 0x599
derived_from_species_constant,SPECIES_IRON_BOULDER,UNSUPPORTED_PLACEHOLDER,,,false,false,false,form_lab_review,NOT_IMPLEMENTED,PENDING,,,internal id 0x59A
derived_from_species_constant,SPECIES_IRON_CROWN,UNSUPPORTED_PLACEHOLDER,,,false,false,false,form_lab_review,NOT_IMPLEMENTED,PENDING,,,internal id 0x59B
derived_from_species_constant,SPECIES_TERAPAGOS_TERASTAL,BATTLE_ONLY,,,false,false,true,battle_engine,IMPLEMENTED_UNVERIFIED,BATTLE_ENGINE,DoFormChange,,internal id 0x59D
derived_from_species_constant,SPECIES_TERAPAGOS_STELLAR,BATTLE_ONLY,,,false,false,true,battle_engine,IMPLEMENTED_UNVERIFIED,BATTLE_ENGINE,DoFormChange,,internal id 0x59E
