species,form,acquisition_method,map,encounter_type,badge_requirement,rate,evolution_source,quest,notes
SPECIES_ABSOL,,wild reserve,THREE_ISLAND_BERRY_FOREST,land,8 + game clear,20,,Gen 9 Sevii Reserve,morning deterministic slot 1
SPECIES_ALCREMIE_GIGA,,wild reserve,THREE_ISLAND_BERRY_FOREST,land,8 + game clear,20,,Gen 9 Sevii Reserve,morning deterministic slot 2
SPECIES_ALOMOMOLA,,wild reserve,THREE_ISLAND_BERRY_FOREST,land,8 + game clear,10,,Gen 9 Sevii Reserve,morning deterministic slot 3
SPECIES_AMAURA,,wild reserve,THREE_ISLAND_BERRY_FOREST,land,8 + game clear,10,,Gen 9 Sevii Reserve,morning deterministic slot 4
SPECIES_ANORITH,,wild reserve,THREE_ISLAND_BERRY_FOREST,land,8 + game clear,10,,Gen 9 Sevii Reserve,morning deterministic slot 5
SPECIES_APPLIN,,wild reserve,THREE_ISLAND_BERRY_FOREST,land,8 + game clear,10,,Gen 9 Sevii Reserve,morning deterministic slot 6
SPECIES_ARCEUS,,wild reserve,THREE_ISLAND_BERRY_FOREST,land,8 + game clear,5,,Gen 9 Sevii Reserve,morning deterministic slot 7
SPECIES_ARCHEN,,wild reserve,THREE_ISLAND_BERRY_FOREST,land,8 + game clear,5,,Gen 9 Sevii Reserve,morning deterministic slot 8
SPECIES_ARCTOVISH,,wild reserve,THREE_ISLAND_BERRY_FOREST,land,8 + game clear,4,,Gen 9 Sevii Reserve,morning deterministic slot 9
SPECIES_ARCTOZOLT,,wild reserve,THREE_ISLAND_BERRY_FOREST,land,8 + game clear,4,,Gen 9 Sevii Reserve,morning deterministic slot 10
SPECIES_ARON,,wild reserve,THREE_ISLAND_BERRY_FOREST,land,8 + game clear,1,,Gen 9 Sevii Reserve,morning deterministic slot 11
SPECIES_ARROKUDA,,wild reserve,THREE_ISLAND_BERRY_FOREST,land,8 + game clear,1,,Gen 9 Sevii Reserve,morning deterministic slot 12
SPECIES_AUDINO,,wild reserve,THREE_ISLAND_BERRY_FOREST,land,8 + game clear,20,,Gen 9 Sevii Reserve,day deterministic slot 1
SPECIES_AXEW,,wild reserve,THREE_ISLAND_BERRY_FOREST,land,8 + game clear,20,,Gen 9 Sevii Reserve,day deterministic slot 2
SPECIES_AZELF,,wild reserve,THREE_ISLAND_BERRY_FOREST,land,8 + game clear,10,,Gen 9 Sevii Reserve,day deterministic slot 3
SPECIES_AZURILL,,wild reserve,THREE_ISLAND_BERRY_FOREST,land,8 + game clear,10,,Gen 9 Sevii Reserve,day deterministic slot 4
SPECIES_BAGON,,wild reserve,THREE_ISLAND_BERRY_FOREST,land,8 + game clear,10,,Gen 9 Sevii Reserve,day deterministic slot 5
SPECIES_BALTOY,,wild reserve,THREE_ISLAND_BERRY_FOREST,land,8 + game clear,10,,Gen 9 Sevii Reserve,day deterministic slot 6
SPECIES_BARBOACH,,wild reserve,THREE_ISLAND_BERRY_FOREST,land,8 + game clear,5,,Gen 9 Sevii Reserve,day deterministic slot 7
SPECIES_BASCULIN_H,,wild reserve,THREE_ISLAND_BERRY_FOREST,land,8 + game clear,5,,Gen 9 Sevii Reserve,day deterministic slot 8
SPECIES_BELDUM,,wild reserve,THREE_ISLAND_BERRY_FOREST,land,8 + game clear,4,,Gen 9 Sevii Reserve,day deterministic slot 9
SPECIES_BELLSPROUT,,wild reserve,THREE_ISLAND_BERRY_FOREST,land,8 + game clear,4,,Gen 9 Sevii Reserve,day deterministic slot 10
SPECIES_BERGMITE,,wild reserve,THREE_ISLAND_BERRY_FOREST,land,8 + game clear,1,,Gen 9 Sevii Reserve,day deterministic slot 11
SPECIES_BIDOOF,,wild reserve,THREE_ISLAND_BERRY_FOREST,land,8 + game clear,1,,Gen 9 Sevii Reserve,day deterministic slot 12
SPECIES_BINACLE,,wild reserve,THREE_ISLAND_BERRY_FOREST,land,8 + game clear,20,,Gen 9 Sevii Reserve,evening deterministic slot 1
SPECIES_BLACEPHALON,,wild reserve,THREE_ISLAND_BERRY_FOREST,land,8 + game clear,20,,Gen 9 Sevii Reserve,evening deterministic slot 2
SPECIES_BLIPBUG,,wild reserve,THREE_ISLAND_BERRY_FOREST,land,8 + game clear,10,,Gen 9 Sevii Reserve,evening deterministic slot 3
SPECIES_BLITZLE,,wild reserve,THREE_ISLAND_BERRY_FOREST,land,8 + game clear,10,,Gen 9 Sevii Reserve,evening deterministic slot 4
SPECIES_BOMBIRDIER,,wild reserve,THREE_ISLAND_BERRY_FOREST,land,8 + game clear,10,,Gen 9 Sevii Reserve,evening deterministic slot 5
SPECIES_BONSLY,,wild reserve,THREE_ISLAND_BERRY_FOREST,land,8 + game clear,10,,Gen 9 Sevii Reserve,evening deterministic slot 6
SPECIES_BOUFFALANT,,wild reserve,THREE_ISLAND_BERRY_FOREST,land,8 + game clear,5,,Gen 9 Sevii Reserve,evening deterministic slot 7
SPECIES_BOUNSWEET,,wild reserve,THREE_ISLAND_BERRY_FOREST,land,8 + game clear,5,,Gen 9 Sevii Reserve,evening deterministic slot 8
SPECIES_BRAMBLIN,,wild reserve,THREE_ISLAND_BERRY_FOREST,land,8 + game clear,4,,Gen 9 Sevii Reserve,evening deterministic slot 9
SPECIES_BRONZOR,,wild reserve,THREE_ISLAND_BERRY_FOREST,land,8 + game clear,4,,Gen 9 Sevii Reserve,evening deterministic slot 10
SPECIES_BRUTE_BONNET,,wild reserve,THREE_ISLAND_BERRY_FOREST,land,8 + game clear,1,,Gen 9 Sevii Reserve,evening deterministic slot 11
SPECIES_BRUXISH,,wild reserve,THREE_ISLAND_BERRY_FOREST,land,8 + game clear,1,,Gen 9 Sevii Reserve,evening deterministic slot 12
SPECIES_BUDEW,,wild reserve,THREE_ISLAND_BERRY_FOREST,land,8 + game clear,20,,Gen 9 Sevii Reserve,night deterministic slot 1
SPECIES_BUNNELBY,,wild reserve,THREE_ISLAND_BERRY_FOREST,land,8 + game clear,20,,Gen 9 Sevii Reserve,night deterministic slot 2
SPECIES_BURMY,,wild reserve,THREE_ISLAND_BERRY_FOREST,land,8 + game clear,10,,Gen 9 Sevii Reserve,night deterministic slot 3
SPECIES_BUZZWOLE,,wild reserve,THREE_ISLAND_BERRY_FOREST,land,8 + game clear,10,,Gen 9 Sevii Reserve,night deterministic slot 4
SPECIES_CACNEA,,wild reserve,THREE_ISLAND_BERRY_FOREST,land,8 + game clear,10,,Gen 9 Sevii Reserve,night deterministic slot 5
SPECIES_CALYREX,,wild reserve,THREE_ISLAND_BERRY_FOREST,land,8 + game clear,10,,Gen 9 Sevii Reserve,night deterministic slot 6
SPECIES_CAPSAKID,,wild reserve,THREE_ISLAND_BERRY_FOREST,land,8 + game clear,5,,Gen 9 Sevii Reserve,night deterministic slot 7
SPECIES_CARBINK,,wild reserve,THREE_ISLAND_BERRY_FOREST,land,8 + game clear,5,,Gen 9 Sevii Reserve,night deterministic slot 8
SPECIES_CARNIVINE,,wild reserve,THREE_ISLAND_BERRY_FOREST,land,8 + game clear,4,,Gen 9 Sevii Reserve,night deterministic slot 9
SPECIES_CARVANHA,,wild reserve,THREE_ISLAND_BERRY_FOREST,land,8 + game clear,4,,Gen 9 Sevii Reserve,night deterministic slot 10
SPECIES_CASTFORM,,wild reserve,THREE_ISLAND_BERRY_FOREST,land,8 + game clear,1,,Gen 9 Sevii Reserve,night deterministic slot 11
SPECIES_CELEBI,,wild reserve,THREE_ISLAND_BERRY_FOREST,land,8 + game clear,1,,Gen 9 Sevii Reserve,night deterministic slot 12
SPECIES_CELESTEELA,,wild reserve,FOUR_ISLAND_ICEFALL_CAVE_1F,land,8 + game clear,20,,Gen 9 Sevii Reserve,morning deterministic slot 1
SPECIES_CETODDLE,,wild reserve,FOUR_ISLAND_ICEFALL_CAVE_1F,land,8 + game clear,20,,Gen 9 Sevii Reserve,morning deterministic slot 2
SPECIES_CHARCADET,,wild reserve,FOUR_ISLAND_ICEFALL_CAVE_1F,land,8 + game clear,10,,Gen 9 Sevii Reserve,morning deterministic slot 3
SPECIES_CHATOT,,wild reserve,FOUR_ISLAND_ICEFALL_CAVE_1F,land,8 + game clear,10,,Gen 9 Sevii Reserve,morning deterministic slot 4
SPECIES_CHERUBI,,wild reserve,FOUR_ISLAND_ICEFALL_CAVE_1F,land,8 + game clear,10,,Gen 9 Sevii Reserve,morning deterministic slot 5
SPECIES_CHESPIN,,wild reserve,FOUR_ISLAND_ICEFALL_CAVE_1F,land,8 + game clear,10,,Gen 9 Sevii Reserve,morning deterministic slot 6
SPECIES_CHEWTLE,,wild reserve,FOUR_ISLAND_ICEFALL_CAVE_1F,land,8 + game clear,5,,Gen 9 Sevii Reserve,morning deterministic slot 7
SPECIES_CHIEN_PAO,,wild reserve,FOUR_ISLAND_ICEFALL_CAVE_1F,land,8 + game clear,5,,Gen 9 Sevii Reserve,morning deterministic slot 8
SPECIES_CHIKORITA,,wild reserve,FOUR_ISLAND_ICEFALL_CAVE_1F,land,8 + game clear,4,,Gen 9 Sevii Reserve,morning deterministic slot 9
SPECIES_CHIMCHAR,,wild reserve,FOUR_ISLAND_ICEFALL_CAVE_1F,land,8 + game clear,4,,Gen 9 Sevii Reserve,morning deterministic slot 10
SPECIES_CHINCHOU,,wild reserve,FOUR_ISLAND_ICEFALL_CAVE_1F,land,8 + game clear,1,,Gen 9 Sevii Reserve,morning deterministic slot 11
SPECIES_CHINGLING,,wild reserve,FOUR_ISLAND_ICEFALL_CAVE_1F,land,8 + game clear,1,,Gen 9 Sevii Reserve,morning deterministic slot 12
SPECIES_CHI_YU,,wild reserve,FOUR_ISLAND_ICEFALL_CAVE_1F,land,8 + game clear,20,,Gen 9 Sevii Reserve,day deterministic slot 1
SPECIES_CLAMPERL,,wild reserve,FOUR_ISLAND_ICEFALL_CAVE_1F,land,8 + game clear,20,,Gen 9 Sevii Reserve,day deterministic slot 2
SPECIES_CLAUNCHER,,wild reserve,FOUR_ISLAND_ICEFALL_CAVE_1F,land,8 + game clear,10,,Gen 9 Sevii Reserve,day deterministic slot 3
SPECIES_CLOBBOPUS,,wild reserve,FOUR_ISLAND_ICEFALL_CAVE_1F,land,8 + game clear,10,,Gen 9 Sevii Reserve,day deterministic slot 4
SPECIES_CLODSIRE,,wild reserve,FOUR_ISLAND_ICEFALL_CAVE_1F,land,8 + game clear,10,,Gen 9 Sevii Reserve,day deterministic slot 5
SPECIES_COBALION,,wild reserve,FOUR_ISLAND_ICEFALL_CAVE_1F,land,8 + game clear,10,,Gen 9 Sevii Reserve,day deterministic slot 6
SPECIES_COMBEE,,wild reserve,FOUR_ISLAND_ICEFALL_CAVE_1F,land,8 + game clear,5,,Gen 9 Sevii Reserve,day deterministic slot 7
SPECIES_COMFEY,,wild reserve,FOUR_ISLAND_ICEFALL_CAVE_1F,land,8 + game clear,5,,Gen 9 Sevii Reserve,day deterministic slot 8
SPECIES_CORPHISH,,wild reserve,FOUR_ISLAND_ICEFALL_CAVE_1F,land,8 + game clear,4,,Gen 9 Sevii Reserve,day deterministic slot 9
SPECIES_CORSOLA,,wild reserve,FOUR_ISLAND_ICEFALL_CAVE_1F,land,8 + game clear,4,,Gen 9 Sevii Reserve,day deterministic slot 10
SPECIES_COSMOG,,wild reserve,FOUR_ISLAND_ICEFALL_CAVE_1F,land,8 + game clear,1,,Gen 9 Sevii Reserve,day deterministic slot 11
SPECIES_COTTONEE,,wild reserve,FOUR_ISLAND_ICEFALL_CAVE_1F,land,8 + game clear,1,,Gen 9 Sevii Reserve,day deterministic slot 12
SPECIES_CRABRAWLER,,wild reserve,FOUR_ISLAND_ICEFALL_CAVE_1F,land,8 + game clear,20,,Gen 9 Sevii Reserve,evening deterministic slot 1
SPECIES_CRAMORANT,,wild reserve,FOUR_ISLAND_ICEFALL_CAVE_1F,land,8 + game clear,20,,Gen 9 Sevii Reserve,evening deterministic slot 2
SPECIES_CRANIDOS,,wild reserve,FOUR_ISLAND_ICEFALL_CAVE_1F,land,8 + game clear,10,,Gen 9 Sevii Reserve,evening deterministic slot 3
SPECIES_CRESSELIA,,wild reserve,FOUR_ISLAND_ICEFALL_CAVE_1F,land,8 + game clear,10,,Gen 9 Sevii Reserve,evening deterministic slot 4
SPECIES_CROAGUNK,,wild reserve,FOUR_ISLAND_ICEFALL_CAVE_1F,land,8 + game clear,10,,Gen 9 Sevii Reserve,evening deterministic slot 5
SPECIES_CRYOGONAL,,wild reserve,FOUR_ISLAND_ICEFALL_CAVE_1F,land,8 + game clear,10,,Gen 9 Sevii Reserve,evening deterministic slot 6
SPECIES_CUBCHOO,,wild reserve,FOUR_ISLAND_ICEFALL_CAVE_1F,land,8 + game clear,5,,Gen 9 Sevii Reserve,evening deterministic slot 7
SPECIES_CUFANT,,wild reserve,FOUR_ISLAND_ICEFALL_CAVE_1F,land,8 + game clear,5,,Gen 9 Sevii Reserve,evening deterministic slot 8
SPECIES_CURSOLA,,wild reserve,FOUR_ISLAND_ICEFALL_CAVE_1F,land,8 + game clear,4,,Gen 9 Sevii Reserve,evening deterministic slot 9
SPECIES_CYCLIZAR,,wild reserve,FOUR_ISLAND_ICEFALL_CAVE_1F,land,8 + game clear,4,,Gen 9 Sevii Reserve,evening deterministic slot 10
SPECIES_CYNDAQUIL,,wild reserve,FOUR_ISLAND_ICEFALL_CAVE_1F,land,8 + game clear,1,,Gen 9 Sevii Reserve,evening deterministic slot 11
SPECIES_DARKRAI,,wild reserve,FOUR_ISLAND_ICEFALL_CAVE_1F,land,8 + game clear,1,,Gen 9 Sevii Reserve,evening deterministic slot 12
SPECIES_DARUMAKA,,wild reserve,FOUR_ISLAND_ICEFALL_CAVE_1F,land,8 + game clear,20,,Gen 9 Sevii Reserve,night deterministic slot 1
SPECIES_DEDENNE,,wild reserve,FOUR_ISLAND_ICEFALL_CAVE_1F,land,8 + game clear,20,,Gen 9 Sevii Reserve,night deterministic slot 2
SPECIES_DEINO,,wild reserve,FOUR_ISLAND_ICEFALL_CAVE_1F,land,8 + game clear,10,,Gen 9 Sevii Reserve,night deterministic slot 3
SPECIES_DEOXYS,,wild reserve,FOUR_ISLAND_ICEFALL_CAVE_1F,land,8 + game clear,10,,Gen 9 Sevii Reserve,night deterministic slot 4
SPECIES_DEWPIDER,,wild reserve,FOUR_ISLAND_ICEFALL_CAVE_1F,land,8 + game clear,10,,Gen 9 Sevii Reserve,night deterministic slot 5
SPECIES_DHELMISE,,wild reserve,FOUR_ISLAND_ICEFALL_CAVE_1F,land,8 + game clear,10,,Gen 9 Sevii Reserve,night deterministic slot 6
SPECIES_DIALGA,,wild reserve,FOUR_ISLAND_ICEFALL_CAVE_1F,land,8 + game clear,5,,Gen 9 Sevii Reserve,night deterministic slot 7
SPECIES_DIANCIE,,wild reserve,FOUR_ISLAND_ICEFALL_CAVE_1F,land,8 + game clear,5,,Gen 9 Sevii Reserve,night deterministic slot 8
SPECIES_DONDOZO,,wild reserve,FOUR_ISLAND_ICEFALL_CAVE_1F,land,8 + game clear,4,,Gen 9 Sevii Reserve,night deterministic slot 9
SPECIES_DRACOVISH,,wild reserve,FOUR_ISLAND_ICEFALL_CAVE_1F,land,8 + game clear,4,,Gen 9 Sevii Reserve,night deterministic slot 10
SPECIES_DRACOZOLT,,wild reserve,FOUR_ISLAND_ICEFALL_CAVE_1F,land,8 + game clear,1,,Gen 9 Sevii Reserve,night deterministic slot 11
SPECIES_DRAMPA,,wild reserve,FOUR_ISLAND_ICEFALL_CAVE_1F,land,8 + game clear,1,,Gen 9 Sevii Reserve,night deterministic slot 12
SPECIES_DRILBUR,,wild reserve,SIX_ISLAND_PATTERN_BUSH,land,8 + game clear,20,,Gen 9 Sevii Reserve,morning deterministic slot 1
SPECIES_DRUDDIGON,,wild reserve,SIX_ISLAND_PATTERN_BUSH,land,8 + game clear,20,,Gen 9 Sevii Reserve,morning deterministic slot 2
SPECIES_DUCKLETT,,wild reserve,SIX_ISLAND_PATTERN_BUSH,land,8 + game clear,10,,Gen 9 Sevii Reserve,morning deterministic slot 3
SPECIES_DURALUDON,,wild reserve,SIX_ISLAND_PATTERN_BUSH,land,8 + game clear,10,,Gen 9 Sevii Reserve,morning deterministic slot 4
SPECIES_DURANT,,wild reserve,SIX_ISLAND_PATTERN_BUSH,land,8 + game clear,10,,Gen 9 Sevii Reserve,morning deterministic slot 5
SPECIES_DUSKULL,,wild reserve,SIX_ISLAND_PATTERN_BUSH,land,8 + game clear,10,,Gen 9 Sevii Reserve,morning deterministic slot 6
SPECIES_DWEBBLE,,wild reserve,SIX_ISLAND_PATTERN_BUSH,land,8 + game clear,5,,Gen 9 Sevii Reserve,morning deterministic slot 7
SPECIES_EISCUE,,wild reserve,SIX_ISLAND_PATTERN_BUSH,land,8 + game clear,5,,Gen 9 Sevii Reserve,morning deterministic slot 8
SPECIES_ELEKID,,wild reserve,SIX_ISLAND_PATTERN_BUSH,land,8 + game clear,4,,Gen 9 Sevii Reserve,morning deterministic slot 9
SPECIES_ELGYEM,,wild reserve,SIX_ISLAND_PATTERN_BUSH,land,8 + game clear,4,,Gen 9 Sevii Reserve,morning deterministic slot 10
SPECIES_EMOLGA,,wild reserve,SIX_ISLAND_PATTERN_BUSH,land,8 + game clear,1,,Gen 9 Sevii Reserve,morning deterministic slot 11
SPECIES_ENAMORUS,,wild reserve,SIX_ISLAND_PATTERN_BUSH,land,8 + game clear,1,,Gen 9 Sevii Reserve,morning deterministic slot 12
SPECIES_ENTEI,,wild reserve,SIX_ISLAND_PATTERN_BUSH,land,8 + game clear,20,,Gen 9 Sevii Reserve,day deterministic slot 1
SPECIES_ESPURR,,wild reserve,SIX_ISLAND_PATTERN_BUSH,land,8 + game clear,20,,Gen 9 Sevii Reserve,day deterministic slot 2
SPECIES_ETERNATUS,,wild reserve,SIX_ISLAND_PATTERN_BUSH,land,8 + game clear,10,,Gen 9 Sevii Reserve,day deterministic slot 3
SPECIES_FALINKS,,wild reserve,SIX_ISLAND_PATTERN_BUSH,land,8 + game clear,10,,Gen 9 Sevii Reserve,day deterministic slot 4
SPECIES_FEEBAS,,wild reserve,SIX_ISLAND_PATTERN_BUSH,land,8 + game clear,10,,Gen 9 Sevii Reserve,day deterministic slot 5
SPECIES_FENNEKIN,,wild reserve,SIX_ISLAND_PATTERN_BUSH,land,8 + game clear,10,,Gen 9 Sevii Reserve,day deterministic slot 6
SPECIES_FERROSEED,,wild reserve,SIX_ISLAND_PATTERN_BUSH,land,8 + game clear,5,,Gen 9 Sevii Reserve,day deterministic slot 7
SPECIES_FEZANDIPITI,,wild reserve,SIX_ISLAND_PATTERN_BUSH,land,8 + game clear,5,,Gen 9 Sevii Reserve,day deterministic slot 8
SPECIES_FIDOUGH,,wild reserve,SIX_ISLAND_PATTERN_BUSH,land,8 + game clear,4,,Gen 9 Sevii Reserve,day deterministic slot 9
SPECIES_FINIZEN,,wild reserve,SIX_ISLAND_PATTERN_BUSH,land,8 + game clear,4,,Gen 9 Sevii Reserve,day deterministic slot 10
SPECIES_FINNEON,,wild reserve,SIX_ISLAND_PATTERN_BUSH,land,8 + game clear,1,,Gen 9 Sevii Reserve,day deterministic slot 11
SPECIES_FLAMIGO,,wild reserve,SIX_ISLAND_PATTERN_BUSH,land,8 + game clear,1,,Gen 9 Sevii Reserve,day deterministic slot 12
SPECIES_FLETCHLING,,wild reserve,SIX_ISLAND_PATTERN_BUSH,land,8 + game clear,20,,Gen 9 Sevii Reserve,evening deterministic slot 1
SPECIES_FLITTLE,,wild reserve,SIX_ISLAND_PATTERN_BUSH,land,8 + game clear,20,,Gen 9 Sevii Reserve,evening deterministic slot 2
SPECIES_FLUTTER_MANE,,wild reserve,SIX_ISLAND_PATTERN_BUSH,land,8 + game clear,10,,Gen 9 Sevii Reserve,evening deterministic slot 3
SPECIES_FOMANTIS,,wild reserve,SIX_ISLAND_PATTERN_BUSH,land,8 + game clear,10,,Gen 9 Sevii Reserve,evening deterministic slot 4
SPECIES_FOONGUS,,wild reserve,SIX_ISLAND_PATTERN_BUSH,land,8 + game clear,10,,Gen 9 Sevii Reserve,evening deterministic slot 5
SPECIES_FRILLISH,,wild reserve,SIX_ISLAND_PATTERN_BUSH,land,8 + game clear,10,,Gen 9 Sevii Reserve,evening deterministic slot 6
SPECIES_FROAKIE,,wild reserve,SIX_ISLAND_PATTERN_BUSH,land,8 + game clear,5,,Gen 9 Sevii Reserve,evening deterministic slot 7
SPECIES_FUECOCO,,wild reserve,SIX_ISLAND_PATTERN_BUSH,land,8 + game clear,5,,Gen 9 Sevii Reserve,evening deterministic slot 8
SPECIES_FURFROU,,wild reserve,SIX_ISLAND_PATTERN_BUSH,land,8 + game clear,4,,Gen 9 Sevii Reserve,evening deterministic slot 9
SPECIES_GENESECT,,wild reserve,SIX_ISLAND_PATTERN_BUSH,land,8 + game clear,4,,Gen 9 Sevii Reserve,evening deterministic slot 10
SPECIES_GIBLE,,wild reserve,SIX_ISLAND_PATTERN_BUSH,land,8 + game clear,1,,Gen 9 Sevii Reserve,evening deterministic slot 11
SPECIES_GIMMIGHOUL,,wild reserve,SIX_ISLAND_PATTERN_BUSH,land,8 + game clear,1,,Gen 9 Sevii Reserve,evening deterministic slot 12
SPECIES_GIRAFARIG,,wild reserve,SIX_ISLAND_PATTERN_BUSH,land,8 + game clear,20,,Gen 9 Sevii Reserve,night deterministic slot 1
SPECIES_GIRATINA,,wild reserve,SIX_ISLAND_PATTERN_BUSH,land,8 + game clear,20,,Gen 9 Sevii Reserve,night deterministic slot 2
SPECIES_GLASTRIER,,wild reserve,SIX_ISLAND_PATTERN_BUSH,land,8 + game clear,10,,Gen 9 Sevii Reserve,night deterministic slot 3
SPECIES_GLIGAR,,wild reserve,SIX_ISLAND_PATTERN_BUSH,land,8 + game clear,10,,Gen 9 Sevii Reserve,night deterministic slot 4
SPECIES_GLIMMET,,wild reserve,SIX_ISLAND_PATTERN_BUSH,land,8 + game clear,10,,Gen 9 Sevii Reserve,night deterministic slot 5
SPECIES_GOLETT,,wild reserve,SIX_ISLAND_PATTERN_BUSH,land,8 + game clear,10,,Gen 9 Sevii Reserve,night deterministic slot 6
SPECIES_GOOMY,,wild reserve,SIX_ISLAND_PATTERN_BUSH,land,8 + game clear,5,,Gen 9 Sevii Reserve,night deterministic slot 7
SPECIES_GOTHITA,,wild reserve,SIX_ISLAND_PATTERN_BUSH,land,8 + game clear,5,,Gen 9 Sevii Reserve,night deterministic slot 8
SPECIES_GOUGING_FIRE,,wild reserve,SIX_ISLAND_PATTERN_BUSH,land,8 + game clear,4,,Gen 9 Sevii Reserve,night deterministic slot 9
SPECIES_GREAT_TUSK,,wild reserve,SIX_ISLAND_PATTERN_BUSH,land,8 + game clear,4,,Gen 9 Sevii Reserve,night deterministic slot 10
SPECIES_GREAVARD,,wild reserve,SIX_ISLAND_PATTERN_BUSH,land,8 + game clear,1,,Gen 9 Sevii Reserve,night deterministic slot 11
SPECIES_GROOKEY,,wild reserve,SIX_ISLAND_PATTERN_BUSH,land,8 + game clear,1,,Gen 9 Sevii Reserve,night deterministic slot 12
SPECIES_GROUDON,,wild reserve,FIVE_ISLAND_LOST_CAVE_ROOM1,land,8 + game clear,20,,Gen 9 Sevii Reserve,morning deterministic slot 1
SPECIES_GRUBBIN,,wild reserve,FIVE_ISLAND_LOST_CAVE_ROOM1,land,8 + game clear,20,,Gen 9 Sevii Reserve,morning deterministic slot 2
SPECIES_GULPIN,,wild reserve,FIVE_ISLAND_LOST_CAVE_ROOM1,land,8 + game clear,10,,Gen 9 Sevii Reserve,morning deterministic slot 3
SPECIES_GUZZLORD,,wild reserve,FIVE_ISLAND_LOST_CAVE_ROOM1,land,8 + game clear,10,,Gen 9 Sevii Reserve,morning deterministic slot 4
SPECIES_HAPPINY,,wild reserve,FIVE_ISLAND_LOST_CAVE_ROOM1,land,8 + game clear,10,,Gen 9 Sevii Reserve,morning deterministic slot 5
SPECIES_HATENNA,,wild reserve,FIVE_ISLAND_LOST_CAVE_ROOM1,land,8 + game clear,10,,Gen 9 Sevii Reserve,morning deterministic slot 6
SPECIES_HAWLUCHA,,wild reserve,FIVE_ISLAND_LOST_CAVE_ROOM1,land,8 + game clear,5,,Gen 9 Sevii Reserve,morning deterministic slot 7
SPECIES_HEATMOR,,wild reserve,FIVE_ISLAND_LOST_CAVE_ROOM1,land,8 + game clear,5,,Gen 9 Sevii Reserve,morning deterministic slot 8
SPECIES_HEATRAN,,wild reserve,FIVE_ISLAND_LOST_CAVE_ROOM1,land,8 + game clear,4,,Gen 9 Sevii Reserve,morning deterministic slot 9
SPECIES_HELIOPTILE,,wild reserve,FIVE_ISLAND_LOST_CAVE_ROOM1,land,8 + game clear,4,,Gen 9 Sevii Reserve,morning deterministic slot 10
SPECIES_HIPPOPOTAS,,wild reserve,FIVE_ISLAND_LOST_CAVE_ROOM1,land,8 + game clear,1,,Gen 9 Sevii Reserve,morning deterministic slot 11
SPECIES_HONEDGE,,wild reserve,FIVE_ISLAND_LOST_CAVE_ROOM1,land,8 + game clear,1,,Gen 9 Sevii Reserve,morning deterministic slot 12
SPECIES_HOOPA,,wild reserve,FIVE_ISLAND_LOST_CAVE_ROOM1,land,8 + game clear,20,,Gen 9 Sevii Reserve,day deterministic slot 1
SPECIES_HO_OH,,wild reserve,FIVE_ISLAND_LOST_CAVE_ROOM1,land,8 + game clear,20,,Gen 9 Sevii Reserve,day deterministic slot 2
SPECIES_IGGLYBUFF,,wild reserve,FIVE_ISLAND_LOST_CAVE_ROOM1,land,8 + game clear,10,,Gen 9 Sevii Reserve,day deterministic slot 3
SPECIES_ILLUMISE,,wild reserve,FIVE_ISLAND_LOST_CAVE_ROOM1,land,8 + game clear,10,,Gen 9 Sevii Reserve,day deterministic slot 4
SPECIES_IMPIDIMP,,wild reserve,FIVE_ISLAND_LOST_CAVE_ROOM1,land,8 + game clear,10,,Gen 9 Sevii Reserve,day deterministic slot 5
SPECIES_INDEEDEE,,wild reserve,FIVE_ISLAND_LOST_CAVE_ROOM1,land,8 + game clear,10,,Gen 9 Sevii Reserve,day deterministic slot 6
SPECIES_INKAY,,wild reserve,FIVE_ISLAND_LOST_CAVE_ROOM1,land,8 + game clear,5,,Gen 9 Sevii Reserve,day deterministic slot 7
SPECIES_IRON_BOULDER,,wild reserve,FIVE_ISLAND_LOST_CAVE_ROOM1,land,8 + game clear,5,,Gen 9 Sevii Reserve,day deterministic slot 8
SPECIES_IRON_BUNDLE,,wild reserve,FIVE_ISLAND_LOST_CAVE_ROOM1,land,8 + game clear,4,,Gen 9 Sevii Reserve,day deterministic slot 9
SPECIES_IRON_CROWN,,wild reserve,FIVE_ISLAND_LOST_CAVE_ROOM1,land,8 + game clear,4,,Gen 9 Sevii Reserve,day deterministic slot 10
SPECIES_IRON_HANDS,,wild reserve,FIVE_ISLAND_LOST_CAVE_ROOM1,land,8 + game clear,1,,Gen 9 Sevii Reserve,day deterministic slot 11
SPECIES_IRON_JUGULIS,,wild reserve,FIVE_ISLAND_LOST_CAVE_ROOM1,land,8 + game clear,1,,Gen 9 Sevii Reserve,day deterministic slot 12
SPECIES_IRON_LEAVES,,wild reserve,FIVE_ISLAND_LOST_CAVE_ROOM1,land,8 + game clear,20,,Gen 9 Sevii Reserve,evening deterministic slot 1
SPECIES_IRON_MOTH,,wild reserve,FIVE_ISLAND_LOST_CAVE_ROOM1,land,8 + game clear,20,,Gen 9 Sevii Reserve,evening deterministic slot 2
SPECIES_IRON_THORNS,,wild reserve,FIVE_ISLAND_LOST_CAVE_ROOM1,land,8 + game clear,10,,Gen 9 Sevii Reserve,evening deterministic slot 3
SPECIES_IRON_TREADS,,wild reserve,FIVE_ISLAND_LOST_CAVE_ROOM1,land,8 + game clear,10,,Gen 9 Sevii Reserve,evening deterministic slot 4
SPECIES_IRON_VALIANT,,wild reserve,FIVE_ISLAND_LOST_CAVE_ROOM1,land,8 + game clear,10,,Gen 9 Sevii Reserve,evening deterministic slot 5
SPECIES_JANGMO_O,,wild reserve,FIVE_ISLAND_LOST_CAVE_ROOM1,land,8 + game clear,10,,Gen 9 Sevii Reserve,evening deterministic slot 6
SPECIES_JIRACHI,,wild reserve,FIVE_ISLAND_LOST_CAVE_ROOM1,land,8 + game clear,5,,Gen 9 Sevii Reserve,evening deterministic slot 7
SPECIES_KARRABLAST,,wild reserve,FIVE_ISLAND_LOST_CAVE_ROOM1,land,8 + game clear,5,,Gen 9 Sevii Reserve,evening deterministic slot 8
SPECIES_KARTANA,,wild reserve,FIVE_ISLAND_LOST_CAVE_ROOM1,land,8 + game clear,4,,Gen 9 Sevii Reserve,evening deterministic slot 9
SPECIES_KECLEON,,wild reserve,FIVE_ISLAND_LOST_CAVE_ROOM1,land,8 + game clear,4,,Gen 9 Sevii Reserve,evening deterministic slot 10
SPECIES_KELDEO,,wild reserve,FIVE_ISLAND_LOST_CAVE_ROOM1,land,8 + game clear,1,,Gen 9 Sevii Reserve,evening deterministic slot 11
SPECIES_KLAWF,,wild reserve,FIVE_ISLAND_LOST_CAVE_ROOM1,land,8 + game clear,1,,Gen 9 Sevii Reserve,evening deterministic slot 12
SPECIES_KLEFKI,,wild reserve,FIVE_ISLAND_LOST_CAVE_ROOM1,land,8 + game clear,20,,Gen 9 Sevii Reserve,night deterministic slot 1
SPECIES_KLINK,,wild reserve,FIVE_ISLAND_LOST_CAVE_ROOM1,land,8 + game clear,20,,Gen 9 Sevii Reserve,night deterministic slot 2
SPECIES_KOMALA,,wild reserve,FIVE_ISLAND_LOST_CAVE_ROOM1,land,8 + game clear,10,,Gen 9 Sevii Reserve,night deterministic slot 3
SPECIES_KORAIDON,,wild reserve,FIVE_ISLAND_LOST_CAVE_ROOM1,land,8 + game clear,10,,Gen 9 Sevii Reserve,night deterministic slot 4
SPECIES_KRICKETOT,,wild reserve,FIVE_ISLAND_LOST_CAVE_ROOM1,land,8 + game clear,10,,Gen 9 Sevii Reserve,night deterministic slot 5
SPECIES_KUBFU,,wild reserve,FIVE_ISLAND_LOST_CAVE_ROOM1,land,8 + game clear,10,,Gen 9 Sevii Reserve,night deterministic slot 6
SPECIES_KYOGRE,,wild reserve,FIVE_ISLAND_LOST_CAVE_ROOM1,land,8 + game clear,5,,Gen 9 Sevii Reserve,night deterministic slot 7
SPECIES_KYUREM,,wild reserve,FIVE_ISLAND_LOST_CAVE_ROOM1,land,8 + game clear,5,,Gen 9 Sevii Reserve,night deterministic slot 8
SPECIES_LANDORUS,,wild reserve,FIVE_ISLAND_LOST_CAVE_ROOM1,land,8 + game clear,4,,Gen 9 Sevii Reserve,night deterministic slot 9
SPECIES_LARVESTA,,wild reserve,FIVE_ISLAND_LOST_CAVE_ROOM1,land,8 + game clear,4,,Gen 9 Sevii Reserve,night deterministic slot 10
SPECIES_LATIAS,,wild reserve,FIVE_ISLAND_LOST_CAVE_ROOM1,land,8 + game clear,1,,Gen 9 Sevii Reserve,night deterministic slot 11
SPECIES_LATIOS,,wild reserve,FIVE_ISLAND_LOST_CAVE_ROOM1,land,8 + game clear,1,,Gen 9 Sevii Reserve,night deterministic slot 12
SPECIES_LECHONK,,wild reserve,ONE_ISLAND_KINDLE_ROAD,land,8 + game clear,20,,Gen 9 Sevii Reserve,morning deterministic slot 1
SPECIES_LILEEP,,wild reserve,ONE_ISLAND_KINDLE_ROAD,land,8 + game clear,20,,Gen 9 Sevii Reserve,morning deterministic slot 2
SPECIES_LILLIPUP,,wild reserve,ONE_ISLAND_KINDLE_ROAD,land,8 + game clear,10,,Gen 9 Sevii Reserve,morning deterministic slot 3
SPECIES_LITTEN,,wild reserve,ONE_ISLAND_KINDLE_ROAD,land,8 + game clear,10,,Gen 9 Sevii Reserve,morning deterministic slot 4
SPECIES_LITWICK,,wild reserve,ONE_ISLAND_KINDLE_ROAD,land,8 + game clear,10,,Gen 9 Sevii Reserve,morning deterministic slot 5
SPECIES_LUGIA,,wild reserve,ONE_ISLAND_KINDLE_ROAD,land,8 + game clear,10,,Gen 9 Sevii Reserve,morning deterministic slot 6
SPECIES_LUNATONE,,wild reserve,ONE_ISLAND_KINDLE_ROAD,land,8 + game clear,5,,Gen 9 Sevii Reserve,morning deterministic slot 7
SPECIES_LUVDISC,,wild reserve,ONE_ISLAND_KINDLE_ROAD,land,8 + game clear,5,,Gen 9 Sevii Reserve,morning deterministic slot 8
SPECIES_MAGBY,,wild reserve,ONE_ISLAND_KINDLE_ROAD,land,8 + game clear,4,,Gen 9 Sevii Reserve,morning deterministic slot 9
SPECIES_MAGEARNA,,wild reserve,ONE_ISLAND_KINDLE_ROAD,land,8 + game clear,4,,Gen 9 Sevii Reserve,morning deterministic slot 10
SPECIES_MANAPHY,,wild reserve,ONE_ISLAND_KINDLE_ROAD,land,8 + game clear,1,,Gen 9 Sevii Reserve,morning deterministic slot 11
SPECIES_MANTYKE,,wild reserve,ONE_ISLAND_KINDLE_ROAD,land,8 + game clear,1,,Gen 9 Sevii Reserve,morning deterministic slot 12
SPECIES_MARACTUS,,wild reserve,ONE_ISLAND_KINDLE_ROAD,land,8 + game clear,20,,Gen 9 Sevii Reserve,day deterministic slot 1
SPECIES_MAREANIE,,wild reserve,ONE_ISLAND_KINDLE_ROAD,land,8 + game clear,20,,Gen 9 Sevii Reserve,day deterministic slot 2
SPECIES_MARSHADOW,,wild reserve,ONE_ISLAND_KINDLE_ROAD,land,8 + game clear,10,,Gen 9 Sevii Reserve,day deterministic slot 3
SPECIES_MASCHIFF,,wild reserve,ONE_ISLAND_KINDLE_ROAD,land,8 + game clear,10,,Gen 9 Sevii Reserve,day deterministic slot 4
SPECIES_MAWILE,,wild reserve,ONE_ISLAND_KINDLE_ROAD,land,8 + game clear,10,,Gen 9 Sevii Reserve,day deterministic slot 5
SPECIES_MEDITITE,,wild reserve,ONE_ISLAND_KINDLE_ROAD,land,8 + game clear,10,,Gen 9 Sevii Reserve,day deterministic slot 6
SPECIES_MELOETTA,,wild reserve,ONE_ISLAND_KINDLE_ROAD,land,8 + game clear,5,,Gen 9 Sevii Reserve,day deterministic slot 7
SPECIES_MELTAN,,wild reserve,ONE_ISLAND_KINDLE_ROAD,land,8 + game clear,5,,Gen 9 Sevii Reserve,day deterministic slot 8
SPECIES_MESPRIT,,wild reserve,ONE_ISLAND_KINDLE_ROAD,land,8 + game clear,4,,Gen 9 Sevii Reserve,day deterministic slot 9
SPECIES_MEW,,wild reserve,ONE_ISLAND_KINDLE_ROAD,land,8 + game clear,4,,Gen 9 Sevii Reserve,day deterministic slot 10
SPECIES_MIENFOO,,wild reserve,ONE_ISLAND_KINDLE_ROAD,land,8 + game clear,1,,Gen 9 Sevii Reserve,day deterministic slot 11
SPECIES_MILCERY,,wild reserve,ONE_ISLAND_KINDLE_ROAD,land,8 + game clear,1,,Gen 9 Sevii Reserve,day deterministic slot 12
SPECIES_MILTANK,,wild reserve,ONE_ISLAND_KINDLE_ROAD,land,8 + game clear,20,,Gen 9 Sevii Reserve,evening deterministic slot 1
SPECIES_MIME_JR,,wild reserve,ONE_ISLAND_KINDLE_ROAD,land,8 + game clear,20,,Gen 9 Sevii Reserve,evening deterministic slot 2
SPECIES_MIMIKYU,,wild reserve,ONE_ISLAND_KINDLE_ROAD,land,8 + game clear,10,,Gen 9 Sevii Reserve,evening deterministic slot 3
SPECIES_MINIOR_RED,,wild reserve,ONE_ISLAND_KINDLE_ROAD,land,8 + game clear,10,,Gen 9 Sevii Reserve,evening deterministic slot 4
SPECIES_MINUN,,wild reserve,ONE_ISLAND_KINDLE_ROAD,land,8 + game clear,10,,Gen 9 Sevii Reserve,evening deterministic slot 5
SPECIES_MIRAIDON,,wild reserve,ONE_ISLAND_KINDLE_ROAD,land,8 + game clear,10,,Gen 9 Sevii Reserve,evening deterministic slot 6
SPECIES_MORELULL,,wild reserve,ONE_ISLAND_KINDLE_ROAD,land,8 + game clear,5,,Gen 9 Sevii Reserve,evening deterministic slot 7
SPECIES_MORPEKO,,wild reserve,ONE_ISLAND_KINDLE_ROAD,land,8 + game clear,5,,Gen 9 Sevii Reserve,evening deterministic slot 8
SPECIES_MR_RIME,,wild reserve,ONE_ISLAND_KINDLE_ROAD,land,8 + game clear,4,,Gen 9 Sevii Reserve,evening deterministic slot 9
SPECIES_MUDBRAY,,wild reserve,ONE_ISLAND_KINDLE_ROAD,land,8 + game clear,4,,Gen 9 Sevii Reserve,evening deterministic slot 10
SPECIES_MUDKIP,,wild reserve,ONE_ISLAND_KINDLE_ROAD,land,8 + game clear,1,,Gen 9 Sevii Reserve,evening deterministic slot 11
SPECIES_MUNKIDORI,,wild reserve,ONE_ISLAND_KINDLE_ROAD,land,8 + game clear,1,,Gen 9 Sevii Reserve,evening deterministic slot 12
SPECIES_MUNNA,,wild reserve,ONE_ISLAND_KINDLE_ROAD,land,8 + game clear,20,,Gen 9 Sevii Reserve,night deterministic slot 1
SPECIES_NACLI,,wild reserve,ONE_ISLAND_KINDLE_ROAD,land,8 + game clear,20,,Gen 9 Sevii Reserve,night deterministic slot 2
SPECIES_NECROZMA,,wild reserve,ONE_ISLAND_KINDLE_ROAD,land,8 + game clear,10,,Gen 9 Sevii Reserve,night deterministic slot 3
SPECIES_NIHILEGO,,wild reserve,ONE_ISLAND_KINDLE_ROAD,land,8 + game clear,10,,Gen 9 Sevii Reserve,night deterministic slot 4
SPECIES_NINCADA,,wild reserve,ONE_ISLAND_KINDLE_ROAD,land,8 + game clear,10,,Gen 9 Sevii Reserve,night deterministic slot 5
SPECIES_NOIBAT,,wild reserve,ONE_ISLAND_KINDLE_ROAD,land,8 + game clear,10,,Gen 9 Sevii Reserve,night deterministic slot 6
SPECIES_NOSEPASS,,wild reserve,ONE_ISLAND_KINDLE_ROAD,land,8 + game clear,5,,Gen 9 Sevii Reserve,night deterministic slot 7
SPECIES_NUMEL,,wild reserve,ONE_ISLAND_KINDLE_ROAD,land,8 + game clear,5,,Gen 9 Sevii Reserve,night deterministic slot 8
SPECIES_NYMBLE,,wild reserve,ONE_ISLAND_KINDLE_ROAD,land,8 + game clear,4,,Gen 9 Sevii Reserve,night deterministic slot 9
SPECIES_OBSTAGOON,,wild reserve,ONE_ISLAND_KINDLE_ROAD,land,8 + game clear,4,,Gen 9 Sevii Reserve,night deterministic slot 10
SPECIES_OGERPON,,wild reserve,ONE_ISLAND_KINDLE_ROAD,land,8 + game clear,1,,Gen 9 Sevii Reserve,night deterministic slot 11
SPECIES_OKIDOGI,,wild reserve,ONE_ISLAND_KINDLE_ROAD,land,8 + game clear,1,,Gen 9 Sevii Reserve,night deterministic slot 12
SPECIES_ORANGURU,,wild reserve,SIX_ISLAND_RUIN_VALLEY,land,8 + game clear,20,,Gen 9 Sevii Reserve,morning deterministic slot 1
SPECIES_ORICORIO,,wild reserve,SIX_ISLAND_RUIN_VALLEY,land,8 + game clear,20,,Gen 9 Sevii Reserve,morning deterministic slot 2
SPECIES_ORTHWORM,,wild reserve,SIX_ISLAND_RUIN_VALLEY,land,8 + game clear,10,,Gen 9 Sevii Reserve,morning deterministic slot 3
SPECIES_OSHAWOTT,,wild reserve,SIX_ISLAND_RUIN_VALLEY,land,8 + game clear,10,,Gen 9 Sevii Reserve,morning deterministic slot 4
SPECIES_OVERQWIL,,wild reserve,SIX_ISLAND_RUIN_VALLEY,land,8 + game clear,10,,Gen 9 Sevii Reserve,morning deterministic slot 5
SPECIES_PACHIRISU,,wild reserve,SIX_ISLAND_RUIN_VALLEY,land,8 + game clear,10,,Gen 9 Sevii Reserve,morning deterministic slot 6
SPECIES_PALKIA,,wild reserve,SIX_ISLAND_RUIN_VALLEY,land,8 + game clear,5,,Gen 9 Sevii Reserve,morning deterministic slot 7
SPECIES_PANCHAM,,wild reserve,SIX_ISLAND_RUIN_VALLEY,land,8 + game clear,5,,Gen 9 Sevii Reserve,morning deterministic slot 8
SPECIES_PANPOUR,,wild reserve,SIX_ISLAND_RUIN_VALLEY,land,8 + game clear,4,,Gen 9 Sevii Reserve,morning deterministic slot 9
SPECIES_PANSAGE,,wild reserve,SIX_ISLAND_RUIN_VALLEY,land,8 + game clear,4,,Gen 9 Sevii Reserve,morning deterministic slot 10
SPECIES_PANSEAR,,wild reserve,SIX_ISLAND_RUIN_VALLEY,land,8 + game clear,1,,Gen 9 Sevii Reserve,morning deterministic slot 11
SPECIES_PASSIMIAN,,wild reserve,SIX_ISLAND_RUIN_VALLEY,land,8 + game clear,1,,Gen 9 Sevii Reserve,morning deterministic slot 12
SPECIES_PATRAT,,wild reserve,SIX_ISLAND_RUIN_VALLEY,land,8 + game clear,20,,Gen 9 Sevii Reserve,day deterministic slot 1
SPECIES_PAWNIARD,,wild reserve,SIX_ISLAND_RUIN_VALLEY,land,8 + game clear,20,,Gen 9 Sevii Reserve,day deterministic slot 2
SPECIES_PECHARUNT,,wild reserve,SIX_ISLAND_RUIN_VALLEY,land,8 + game clear,10,,Gen 9 Sevii Reserve,day deterministic slot 3
SPECIES_PERRSERKER,,wild reserve,SIX_ISLAND_RUIN_VALLEY,land,8 + game clear,10,,Gen 9 Sevii Reserve,day deterministic slot 4
SPECIES_PETILIL,,wild reserve,SIX_ISLAND_RUIN_VALLEY,land,8 + game clear,10,,Gen 9 Sevii Reserve,day deterministic slot 5
SPECIES_PHANTUMP,,wild reserve,SIX_ISLAND_RUIN_VALLEY,land,8 + game clear,10,,Gen 9 Sevii Reserve,day deterministic slot 6
SPECIES_PHEROMOSA,,wild reserve,SIX_ISLAND_RUIN_VALLEY,land,8 + game clear,5,,Gen 9 Sevii Reserve,day deterministic slot 7
SPECIES_PHIONE,,wild reserve,SIX_ISLAND_RUIN_VALLEY,land,8 + game clear,5,,Gen 9 Sevii Reserve,day deterministic slot 8
SPECIES_PICHU,,wild reserve,SIX_ISLAND_RUIN_VALLEY,land,8 + game clear,4,,Gen 9 Sevii Reserve,day deterministic slot 9
SPECIES_PIDOVE,,wild reserve,SIX_ISLAND_RUIN_VALLEY,land,8 + game clear,4,,Gen 9 Sevii Reserve,day deterministic slot 10
SPECIES_PIKIPEK,,wild reserve,SIX_ISLAND_RUIN_VALLEY,land,8 + game clear,1,,Gen 9 Sevii Reserve,day deterministic slot 11
SPECIES_PINCURCHIN,,wild reserve,SIX_ISLAND_RUIN_VALLEY,land,8 + game clear,1,,Gen 9 Sevii Reserve,day deterministic slot 12
SPECIES_PINSIR,,wild reserve,SIX_ISLAND_RUIN_VALLEY,land,8 + game clear,20,,Gen 9 Sevii Reserve,evening deterministic slot 1
SPECIES_PIPLUP,,wild reserve,SIX_ISLAND_RUIN_VALLEY,land,8 + game clear,20,,Gen 9 Sevii Reserve,evening deterministic slot 2
SPECIES_PLUSLE,,wild reserve,SIX_ISLAND_RUIN_VALLEY,land,8 + game clear,10,,Gen 9 Sevii Reserve,evening deterministic slot 3
SPECIES_POIPOLE,,wild reserve,SIX_ISLAND_RUIN_VALLEY,land,8 + game clear,10,,Gen 9 Sevii Reserve,evening deterministic slot 4
SPECIES_POLTCHAGEIST,,wild reserve,SIX_ISLAND_RUIN_VALLEY,land,8 + game clear,10,,Gen 9 Sevii Reserve,evening deterministic slot 5
SPECIES_POPPLIO,,wild reserve,SIX_ISLAND_RUIN_VALLEY,land,8 + game clear,10,,Gen 9 Sevii Reserve,evening deterministic slot 6
SPECIES_PUMPKABOO,,wild reserve,SIX_ISLAND_RUIN_VALLEY,land,8 + game clear,5,,Gen 9 Sevii Reserve,evening deterministic slot 7
SPECIES_PURRLOIN,,wild reserve,SIX_ISLAND_RUIN_VALLEY,land,8 + game clear,5,,Gen 9 Sevii Reserve,evening deterministic slot 8
SPECIES_PYUKUMUKU,,wild reserve,SIX_ISLAND_RUIN_VALLEY,land,8 + game clear,4,,Gen 9 Sevii Reserve,evening deterministic slot 9
SPECIES_QUAXLY,,wild reserve,SIX_ISLAND_RUIN_VALLEY,land,8 + game clear,4,,Gen 9 Sevii Reserve,evening deterministic slot 10
SPECIES_RAGING_BOLT,,wild reserve,SIX_ISLAND_RUIN_VALLEY,land,8 + game clear,1,,Gen 9 Sevii Reserve,evening deterministic slot 11
SPECIES_RAIKOU,,wild reserve,SIX_ISLAND_RUIN_VALLEY,land,8 + game clear,1,,Gen 9 Sevii Reserve,evening deterministic slot 12
SPECIES_RALTS,,wild reserve,SIX_ISLAND_RUIN_VALLEY,land,8 + game clear,20,,Gen 9 Sevii Reserve,night deterministic slot 1
SPECIES_RAYQUAZA,,wild reserve,SIX_ISLAND_RUIN_VALLEY,land,8 + game clear,20,,Gen 9 Sevii Reserve,night deterministic slot 2
SPECIES_REGICE,,wild reserve,SIX_ISLAND_RUIN_VALLEY,land,8 + game clear,10,,Gen 9 Sevii Reserve,night deterministic slot 3
SPECIES_REGIDRAGO,,wild reserve,SIX_ISLAND_RUIN_VALLEY,land,8 + game clear,10,,Gen 9 Sevii Reserve,night deterministic slot 4
SPECIES_REGIELEKI,,wild reserve,SIX_ISLAND_RUIN_VALLEY,land,8 + game clear,10,,Gen 9 Sevii Reserve,night deterministic slot 5
SPECIES_REGIGIGAS,,wild reserve,SIX_ISLAND_RUIN_VALLEY,land,8 + game clear,10,,Gen 9 Sevii Reserve,night deterministic slot 6
SPECIES_REGIROCK,,wild reserve,SIX_ISLAND_RUIN_VALLEY,land,8 + game clear,5,,Gen 9 Sevii Reserve,night deterministic slot 7
SPECIES_REGISTEEL,,wild reserve,SIX_ISLAND_RUIN_VALLEY,land,8 + game clear,5,,Gen 9 Sevii Reserve,night deterministic slot 8
SPECIES_RELICANTH,,wild reserve,SIX_ISLAND_RUIN_VALLEY,land,8 + game clear,4,,Gen 9 Sevii Reserve,night deterministic slot 9
SPECIES_RELLOR,,wild reserve,SIX_ISLAND_RUIN_VALLEY,land,8 + game clear,4,,Gen 9 Sevii Reserve,night deterministic slot 10
SPECIES_REMORAID,,wild reserve,SIX_ISLAND_RUIN_VALLEY,land,8 + game clear,1,,Gen 9 Sevii Reserve,night deterministic slot 11
SPECIES_RESHIRAM,,wild reserve,SIX_ISLAND_RUIN_VALLEY,land,8 + game clear,1,,Gen 9 Sevii Reserve,night deterministic slot 12
SPECIES_ROARING_MOON,,wild reserve,SEVEN_ISLAND_SEVAULT_CANYON,land,8 + game clear,20,,Gen 9 Sevii Reserve,morning deterministic slot 1
SPECIES_ROCKRUFF,,wild reserve,SEVEN_ISLAND_SEVAULT_CANYON,land,8 + game clear,20,,Gen 9 Sevii Reserve,morning deterministic slot 2
SPECIES_ROGGENROLA,,wild reserve,SEVEN_ISLAND_SEVAULT_CANYON,land,8 + game clear,10,,Gen 9 Sevii Reserve,morning deterministic slot 3
SPECIES_ROLYCOLY,,wild reserve,SEVEN_ISLAND_SEVAULT_CANYON,land,8 + game clear,10,,Gen 9 Sevii Reserve,morning deterministic slot 4
SPECIES_ROTOM,,wild reserve,SEVEN_ISLAND_SEVAULT_CANYON,land,8 + game clear,10,,Gen 9 Sevii Reserve,morning deterministic slot 5
SPECIES_ROWLET,,wild reserve,SEVEN_ISLAND_SEVAULT_CANYON,land,8 + game clear,10,,Gen 9 Sevii Reserve,morning deterministic slot 6
SPECIES_RUFFLET,,wild reserve,SEVEN_ISLAND_SEVAULT_CANYON,land,8 + game clear,5,,Gen 9 Sevii Reserve,morning deterministic slot 7
SPECIES_RUNERIGUS,,wild reserve,SEVEN_ISLAND_SEVAULT_CANYON,land,8 + game clear,5,,Gen 9 Sevii Reserve,morning deterministic slot 8
SPECIES_SABLEYE,,wild reserve,SEVEN_ISLAND_SEVAULT_CANYON,land,8 + game clear,4,,Gen 9 Sevii Reserve,morning deterministic slot 9
SPECIES_SALANDIT,,wild reserve,SEVEN_ISLAND_SEVAULT_CANYON,land,8 + game clear,4,,Gen 9 Sevii Reserve,morning deterministic slot 10
SPECIES_SANDILE,,wild reserve,SEVEN_ISLAND_SEVAULT_CANYON,land,8 + game clear,1,,Gen 9 Sevii Reserve,morning deterministic slot 11
SPECIES_SANDYGAST,,wild reserve,SEVEN_ISLAND_SEVAULT_CANYON,land,8 + game clear,1,,Gen 9 Sevii Reserve,morning deterministic slot 12
SPECIES_SANDY_SHOCKS,,wild reserve,SEVEN_ISLAND_SEVAULT_CANYON,land,8 + game clear,20,,Gen 9 Sevii Reserve,day deterministic slot 1
SPECIES_SAWK,,wild reserve,SEVEN_ISLAND_SEVAULT_CANYON,land,8 + game clear,20,,Gen 9 Sevii Reserve,day deterministic slot 2
SPECIES_SCATTERBUG,,wild reserve,SEVEN_ISLAND_SEVAULT_CANYON,land,8 + game clear,10,,Gen 9 Sevii Reserve,day deterministic slot 3
SPECIES_SCORBUNNY,,wild reserve,SEVEN_ISLAND_SEVAULT_CANYON,land,8 + game clear,10,,Gen 9 Sevii Reserve,day deterministic slot 4
SPECIES_SCRAGGY,,wild reserve,SEVEN_ISLAND_SEVAULT_CANYON,land,8 + game clear,10,,Gen 9 Sevii Reserve,day deterministic slot 5
SPECIES_SCREAM_TAIL,,wild reserve,SEVEN_ISLAND_SEVAULT_CANYON,land,8 + game clear,10,,Gen 9 Sevii Reserve,day deterministic slot 6
SPECIES_SEEDOT,,wild reserve,SEVEN_ISLAND_SEVAULT_CANYON,land,8 + game clear,5,,Gen 9 Sevii Reserve,day deterministic slot 7
SPECIES_SEVIPER,,wild reserve,SEVEN_ISLAND_SEVAULT_CANYON,land,8 + game clear,5,,Gen 9 Sevii Reserve,day deterministic slot 8
SPECIES_SHAYMIN,,wild reserve,SEVEN_ISLAND_SEVAULT_CANYON,land,8 + game clear,4,,Gen 9 Sevii Reserve,day deterministic slot 9
SPECIES_SHELLOS,,wild reserve,SEVEN_ISLAND_SEVAULT_CANYON,land,8 + game clear,4,,Gen 9 Sevii Reserve,day deterministic slot 10
SPECIES_SHELMET,,wild reserve,SEVEN_ISLAND_SEVAULT_CANYON,land,8 + game clear,1,,Gen 9 Sevii Reserve,day deterministic slot 11
SPECIES_SHIELDON,,wild reserve,SEVEN_ISLAND_SEVAULT_CANYON,land,8 + game clear,1,,Gen 9 Sevii Reserve,day deterministic slot 12
SPECIES_SHINX,,wild reserve,SEVEN_ISLAND_SEVAULT_CANYON,land,8 + game clear,20,,Gen 9 Sevii Reserve,evening deterministic slot 1
SPECIES_SHROODLE,,wild reserve,SEVEN_ISLAND_SEVAULT_CANYON,land,8 + game clear,20,,Gen 9 Sevii Reserve,evening deterministic slot 2
SPECIES_SHUPPET,,wild reserve,SEVEN_ISLAND_SEVAULT_CANYON,land,8 + game clear,10,,Gen 9 Sevii Reserve,evening deterministic slot 3
SPECIES_SIGILYPH,,wild reserve,SEVEN_ISLAND_SEVAULT_CANYON,land,8 + game clear,10,,Gen 9 Sevii Reserve,evening deterministic slot 4
SPECIES_SILICOBRA,,wild reserve,SEVEN_ISLAND_SEVAULT_CANYON,land,8 + game clear,10,,Gen 9 Sevii Reserve,evening deterministic slot 5
SPECIES_SINISTEA,,wild reserve,SEVEN_ISLAND_SEVAULT_CANYON,land,8 + game clear,10,,Gen 9 Sevii Reserve,evening deterministic slot 6
SPECIES_SIRFETCHD,,wild reserve,SEVEN_ISLAND_SEVAULT_CANYON,land,8 + game clear,5,,Gen 9 Sevii Reserve,evening deterministic slot 7
SPECIES_SIZZLIPEDE,,wild reserve,SEVEN_ISLAND_SEVAULT_CANYON,land,8 + game clear,5,,Gen 9 Sevii Reserve,evening deterministic slot 8
SPECIES_SKIDDO,,wild reserve,SEVEN_ISLAND_SEVAULT_CANYON,land,8 + game clear,4,,Gen 9 Sevii Reserve,evening deterministic slot 9
SPECIES_SKITTY,,wild reserve,SEVEN_ISLAND_SEVAULT_CANYON,land,8 + game clear,4,,Gen 9 Sevii Reserve,evening deterministic slot 10
SPECIES_SKORUPI,,wild reserve,SEVEN_ISLAND_SEVAULT_CANYON,land,8 + game clear,1,,Gen 9 Sevii Reserve,evening deterministic slot 11
SPECIES_SKRELP,,wild reserve,SEVEN_ISLAND_SEVAULT_CANYON,land,8 + game clear,1,,Gen 9 Sevii Reserve,evening deterministic slot 12
SPECIES_SKWOVET,,wild reserve,SEVEN_ISLAND_SEVAULT_CANYON,land,8 + game clear,20,,Gen 9 Sevii Reserve,night deterministic slot 1
SPECIES_SLAKOTH,,wild reserve,SEVEN_ISLAND_SEVAULT_CANYON,land,8 + game clear,20,,Gen 9 Sevii Reserve,night deterministic slot 2
SPECIES_SLITHER_WING,,wild reserve,SEVEN_ISLAND_SEVAULT_CANYON,land,8 + game clear,10,,Gen 9 Sevii Reserve,night deterministic slot 3
SPECIES_SLOWPOKE,,wild reserve,SEVEN_ISLAND_SEVAULT_CANYON,land,8 + game clear,10,,Gen 9 Sevii Reserve,night deterministic slot 4
SPECIES_SMOLIV,,wild reserve,SEVEN_ISLAND_SEVAULT_CANYON,land,8 + game clear,10,,Gen 9 Sevii Reserve,night deterministic slot 5
SPECIES_SMOOCHUM,,wild reserve,SEVEN_ISLAND_SEVAULT_CANYON,land,8 + game clear,10,,Gen 9 Sevii Reserve,night deterministic slot 6
SPECIES_SNEASEL,,wild reserve,SEVEN_ISLAND_SEVAULT_CANYON,land,8 + game clear,5,,Gen 9 Sevii Reserve,night deterministic slot 7
SPECIES_SNEASLER,,wild reserve,SEVEN_ISLAND_SEVAULT_CANYON,land,8 + game clear,5,,Gen 9 Sevii Reserve,night deterministic slot 8
SPECIES_SNIVY,,wild reserve,SEVEN_ISLAND_SEVAULT_CANYON,land,8 + game clear,4,,Gen 9 Sevii Reserve,night deterministic slot 9
SPECIES_SNORUNT,,wild reserve,SEVEN_ISLAND_SEVAULT_CANYON,land,8 + game clear,4,,Gen 9 Sevii Reserve,night deterministic slot 10
SPECIES_SNOVER,,wild reserve,SEVEN_ISLAND_SEVAULT_CANYON,land,8 + game clear,1,,Gen 9 Sevii Reserve,night deterministic slot 11
SPECIES_SOBBLE,,wild reserve,SEVEN_ISLAND_SEVAULT_CANYON,land,8 + game clear,1,,Gen 9 Sevii Reserve,night deterministic slot 12
SPECIES_SOLOSIS,,wild reserve,SEVEN_ISLAND_TANOBY_RUINS_MONEAN_CHAMBER,land,8 + game clear,20,,Gen 9 Sevii Reserve,morning deterministic slot 1
SPECIES_SOLROCK,,wild reserve,SEVEN_ISLAND_TANOBY_RUINS_MONEAN_CHAMBER,land,8 + game clear,20,,Gen 9 Sevii Reserve,morning deterministic slot 2
SPECIES_SPECTRIER,,wild reserve,SEVEN_ISLAND_TANOBY_RUINS_MONEAN_CHAMBER,land,8 + game clear,10,,Gen 9 Sevii Reserve,morning deterministic slot 3
SPECIES_SPHEAL,,wild reserve,SEVEN_ISLAND_TANOBY_RUINS_MONEAN_CHAMBER,land,8 + game clear,10,,Gen 9 Sevii Reserve,morning deterministic slot 4
SPECIES_SPINDA,,wild reserve,SEVEN_ISLAND_TANOBY_RUINS_MONEAN_CHAMBER,land,8 + game clear,10,,Gen 9 Sevii Reserve,morning deterministic slot 5
SPECIES_SPIRITOMB,,wild reserve,SEVEN_ISLAND_TANOBY_RUINS_MONEAN_CHAMBER,land,8 + game clear,10,,Gen 9 Sevii Reserve,morning deterministic slot 6
SPECIES_SPOINK,,wild reserve,SEVEN_ISLAND_TANOBY_RUINS_MONEAN_CHAMBER,land,8 + game clear,5,,Gen 9 Sevii Reserve,morning deterministic slot 7
SPECIES_SPRIGATITO,,wild reserve,SEVEN_ISLAND_TANOBY_RUINS_MONEAN_CHAMBER,land,8 + game clear,5,,Gen 9 Sevii Reserve,morning deterministic slot 8
SPECIES_SPRITZEE,,wild reserve,SEVEN_ISLAND_TANOBY_RUINS_MONEAN_CHAMBER,land,8 + game clear,4,,Gen 9 Sevii Reserve,morning deterministic slot 9
SPECIES_SQUAWKABILLY,,wild reserve,SEVEN_ISLAND_TANOBY_RUINS_MONEAN_CHAMBER,land,8 + game clear,4,,Gen 9 Sevii Reserve,morning deterministic slot 10
SPECIES_STAKATAKA,,wild reserve,SEVEN_ISLAND_TANOBY_RUINS_MONEAN_CHAMBER,land,8 + game clear,1,,Gen 9 Sevii Reserve,morning deterministic slot 11
SPECIES_STARLY,,wild reserve,SEVEN_ISLAND_TANOBY_RUINS_MONEAN_CHAMBER,land,8 + game clear,1,,Gen 9 Sevii Reserve,morning deterministic slot 12
SPECIES_STARYU,,wild reserve,SEVEN_ISLAND_TANOBY_RUINS_MONEAN_CHAMBER,land,8 + game clear,20,,Gen 9 Sevii Reserve,day deterministic slot 1
SPECIES_STONJOURNER,,wild reserve,SEVEN_ISLAND_TANOBY_RUINS_MONEAN_CHAMBER,land,8 + game clear,20,,Gen 9 Sevii Reserve,day deterministic slot 2
SPECIES_STUFFUL,,wild reserve,SEVEN_ISLAND_TANOBY_RUINS_MONEAN_CHAMBER,land,8 + game clear,10,,Gen 9 Sevii Reserve,day deterministic slot 3
SPECIES_STUNFISK,,wild reserve,SEVEN_ISLAND_TANOBY_RUINS_MONEAN_CHAMBER,land,8 + game clear,10,,Gen 9 Sevii Reserve,day deterministic slot 4
SPECIES_STUNKY,,wild reserve,SEVEN_ISLAND_TANOBY_RUINS_MONEAN_CHAMBER,land,8 + game clear,10,,Gen 9 Sevii Reserve,day deterministic slot 5
SPECIES_SUICUNE,,wild reserve,SEVEN_ISLAND_TANOBY_RUINS_MONEAN_CHAMBER,land,8 + game clear,10,,Gen 9 Sevii Reserve,day deterministic slot 6
SPECIES_SUNKERN,,wild reserve,SEVEN_ISLAND_TANOBY_RUINS_MONEAN_CHAMBER,land,8 + game clear,5,,Gen 9 Sevii Reserve,day deterministic slot 7
SPECIES_SURSKIT,,wild reserve,SEVEN_ISLAND_TANOBY_RUINS_MONEAN_CHAMBER,land,8 + game clear,5,,Gen 9 Sevii Reserve,day deterministic slot 8
SPECIES_SWABLU,,wild reserve,SEVEN_ISLAND_TANOBY_RUINS_MONEAN_CHAMBER,land,8 + game clear,4,,Gen 9 Sevii Reserve,day deterministic slot 9
SPECIES_SWIRLIX,,wild reserve,SEVEN_ISLAND_TANOBY_RUINS_MONEAN_CHAMBER,land,8 + game clear,4,,Gen 9 Sevii Reserve,day deterministic slot 10
SPECIES_TADBULB,,wild reserve,SEVEN_ISLAND_TANOBY_RUINS_MONEAN_CHAMBER,land,8 + game clear,1,,Gen 9 Sevii Reserve,day deterministic slot 11
SPECIES_TANDEMAUS,,wild reserve,SEVEN_ISLAND_TANOBY_RUINS_MONEAN_CHAMBER,land,8 + game clear,1,,Gen 9 Sevii Reserve,day deterministic slot 12
SPECIES_TAPU_BULU,,wild reserve,SEVEN_ISLAND_TANOBY_RUINS_MONEAN_CHAMBER,land,8 + game clear,20,,Gen 9 Sevii Reserve,evening deterministic slot 1
SPECIES_TAPU_FINI,,wild reserve,SEVEN_ISLAND_TANOBY_RUINS_MONEAN_CHAMBER,land,8 + game clear,20,,Gen 9 Sevii Reserve,evening deterministic slot 2
SPECIES_TAPU_KOKO,,wild reserve,SEVEN_ISLAND_TANOBY_RUINS_MONEAN_CHAMBER,land,8 + game clear,10,,Gen 9 Sevii Reserve,evening deterministic slot 3
SPECIES_TAPU_LELE,,wild reserve,SEVEN_ISLAND_TANOBY_RUINS_MONEAN_CHAMBER,land,8 + game clear,10,,Gen 9 Sevii Reserve,evening deterministic slot 4
SPECIES_TAROUNTULA,,wild reserve,SEVEN_ISLAND_TANOBY_RUINS_MONEAN_CHAMBER,land,8 + game clear,10,,Gen 9 Sevii Reserve,evening deterministic slot 5
SPECIES_TATSUGIRI,,wild reserve,SEVEN_ISLAND_TANOBY_RUINS_MONEAN_CHAMBER,land,8 + game clear,10,,Gen 9 Sevii Reserve,evening deterministic slot 6
SPECIES_TEPIG,,wild reserve,SEVEN_ISLAND_TANOBY_RUINS_MONEAN_CHAMBER,land,8 + game clear,5,,Gen 9 Sevii Reserve,evening deterministic slot 7
SPECIES_TERAPAGOS,,wild reserve,SEVEN_ISLAND_TANOBY_RUINS_MONEAN_CHAMBER,land,8 + game clear,5,,Gen 9 Sevii Reserve,evening deterministic slot 8
SPECIES_TERRAKION,,wild reserve,SEVEN_ISLAND_TANOBY_RUINS_MONEAN_CHAMBER,land,8 + game clear,4,,Gen 9 Sevii Reserve,evening deterministic slot 9
SPECIES_THROH,,wild reserve,SEVEN_ISLAND_TANOBY_RUINS_MONEAN_CHAMBER,land,8 + game clear,4,,Gen 9 Sevii Reserve,evening deterministic slot 10
SPECIES_THUNDURUS,,wild reserve,SEVEN_ISLAND_TANOBY_RUINS_MONEAN_CHAMBER,land,8 + game clear,1,,Gen 9 Sevii Reserve,evening deterministic slot 11
SPECIES_TIMBURR,,wild reserve,SEVEN_ISLAND_TANOBY_RUINS_MONEAN_CHAMBER,land,8 + game clear,1,,Gen 9 Sevii Reserve,evening deterministic slot 12
SPECIES_TING_LU,,wild reserve,SEVEN_ISLAND_TANOBY_RUINS_MONEAN_CHAMBER,land,8 + game clear,20,,Gen 9 Sevii Reserve,night deterministic slot 1
SPECIES_TIRTOUGA,,wild reserve,SEVEN_ISLAND_TANOBY_RUINS_MONEAN_CHAMBER,land,8 + game clear,20,,Gen 9 Sevii Reserve,night deterministic slot 2
SPECIES_TOEDSCOOL,,wild reserve,SEVEN_ISLAND_TANOBY_RUINS_MONEAN_CHAMBER,land,8 + game clear,10,,Gen 9 Sevii Reserve,night deterministic slot 3
SPECIES_TOGEDEMARU,,wild reserve,SEVEN_ISLAND_TANOBY_RUINS_MONEAN_CHAMBER,land,8 + game clear,10,,Gen 9 Sevii Reserve,night deterministic slot 4
SPECIES_TORCHIC,,wild reserve,SEVEN_ISLAND_TANOBY_RUINS_MONEAN_CHAMBER,land,8 + game clear,10,,Gen 9 Sevii Reserve,night deterministic slot 5
SPECIES_TORKOAL,,wild reserve,SEVEN_ISLAND_TANOBY_RUINS_MONEAN_CHAMBER,land,8 + game clear,10,,Gen 9 Sevii Reserve,night deterministic slot 6
SPECIES_TORNADUS,,wild reserve,SEVEN_ISLAND_TANOBY_RUINS_MONEAN_CHAMBER,land,8 + game clear,5,,Gen 9 Sevii Reserve,night deterministic slot 7
SPECIES_TOTODILE,,wild reserve,SEVEN_ISLAND_TANOBY_RUINS_MONEAN_CHAMBER,land,8 + game clear,5,,Gen 9 Sevii Reserve,night deterministic slot 8
SPECIES_TRAPINCH,,wild reserve,SEVEN_ISLAND_TANOBY_RUINS_MONEAN_CHAMBER,land,8 + game clear,4,,Gen 9 Sevii Reserve,night deterministic slot 9
SPECIES_TREECKO,,wild reserve,SEVEN_ISLAND_TANOBY_RUINS_MONEAN_CHAMBER,land,8 + game clear,4,,Gen 9 Sevii Reserve,night deterministic slot 10
SPECIES_TROPIUS,,wild reserve,SEVEN_ISLAND_TANOBY_RUINS_MONEAN_CHAMBER,land,8 + game clear,1,,Gen 9 Sevii Reserve,night deterministic slot 11
SPECIES_TRUBBISH,,wild reserve,SEVEN_ISLAND_TANOBY_RUINS_MONEAN_CHAMBER,land,8 + game clear,1,,Gen 9 Sevii Reserve,night deterministic slot 12
SPECIES_TURTONATOR,,wild reserve,FIVE_ISLAND_MEADOW,land,8 + game clear,20,,Gen 9 Sevii Reserve,morning deterministic slot 1
SPECIES_TURTWIG,,wild reserve,FIVE_ISLAND_MEADOW,land,8 + game clear,20,,Gen 9 Sevii Reserve,morning deterministic slot 2
SPECIES_TYMPOLE,,wild reserve,FIVE_ISLAND_MEADOW,land,8 + game clear,10,,Gen 9 Sevii Reserve,morning deterministic slot 3
SPECIES_TYNAMO,,wild reserve,FIVE_ISLAND_MEADOW,land,8 + game clear,10,,Gen 9 Sevii Reserve,morning deterministic slot 4
SPECIES_TYPE_NULL,,wild reserve,FIVE_ISLAND_MEADOW,land,8 + game clear,10,,Gen 9 Sevii Reserve,morning deterministic slot 5
SPECIES_TYROGUE,,wild reserve,FIVE_ISLAND_MEADOW,land,8 + game clear,10,,Gen 9 Sevii Reserve,morning deterministic slot 6
SPECIES_TYRUNT,,wild reserve,FIVE_ISLAND_MEADOW,land,8 + game clear,5,,Gen 9 Sevii Reserve,morning deterministic slot 7
SPECIES_UXIE,,wild reserve,FIVE_ISLAND_MEADOW,land,8 + game clear,5,,Gen 9 Sevii Reserve,morning deterministic slot 8
SPECIES_VANILLITE,,wild reserve,FIVE_ISLAND_MEADOW,land,8 + game clear,4,,Gen 9 Sevii Reserve,morning deterministic slot 9
SPECIES_VAROOM,,wild reserve,FIVE_ISLAND_MEADOW,land,8 + game clear,4,,Gen 9 Sevii Reserve,morning deterministic slot 10
SPECIES_VELUZA,,wild reserve,FIVE_ISLAND_MEADOW,land,8 + game clear,1,,Gen 9 Sevii Reserve,morning deterministic slot 11
SPECIES_VENIPEDE,,wild reserve,FIVE_ISLAND_MEADOW,land,8 + game clear,1,,Gen 9 Sevii Reserve,morning deterministic slot 12
SPECIES_VICTINI,,wild reserve,FIVE_ISLAND_MEADOW,land,8 + game clear,20,,Gen 9 Sevii Reserve,day deterministic slot 1
SPECIES_VIRIZION,,wild reserve,FIVE_ISLAND_MEADOW,land,8 + game clear,20,,Gen 9 Sevii Reserve,day deterministic slot 2
SPECIES_VOLBEAT,,wild reserve,FIVE_ISLAND_MEADOW,land,8 + game clear,10,,Gen 9 Sevii Reserve,day deterministic slot 3
SPECIES_VOLCANION,,wild reserve,FIVE_ISLAND_MEADOW,land,8 + game clear,10,,Gen 9 Sevii Reserve,day deterministic slot 4
SPECIES_VULLABY,,wild reserve,FIVE_ISLAND_MEADOW,land,8 + game clear,10,,Gen 9 Sevii Reserve,day deterministic slot 5
SPECIES_WAILMER,,wild reserve,FIVE_ISLAND_MEADOW,land,8 + game clear,10,,Gen 9 Sevii Reserve,day deterministic slot 6
SPECIES_WALKING_WAKE,,wild reserve,FIVE_ISLAND_MEADOW,land,8 + game clear,5,,Gen 9 Sevii Reserve,day deterministic slot 7
SPECIES_WATTREL,,wild reserve,FIVE_ISLAND_MEADOW,land,8 + game clear,5,,Gen 9 Sevii Reserve,day deterministic slot 8
SPECIES_WHISMUR,,wild reserve,FIVE_ISLAND_MEADOW,land,8 + game clear,4,,Gen 9 Sevii Reserve,day deterministic slot 9
SPECIES_WIGLETT,,wild reserve,FIVE_ISLAND_MEADOW,land,8 + game clear,4,,Gen 9 Sevii Reserve,day deterministic slot 10
SPECIES_WIMPOD,,wild reserve,FIVE_ISLAND_MEADOW,land,8 + game clear,1,,Gen 9 Sevii Reserve,day deterministic slot 11
SPECIES_WISHIWASHI,,wild reserve,FIVE_ISLAND_MEADOW,land,8 + game clear,1,,Gen 9 Sevii Reserve,day deterministic slot 12
SPECIES_WOOBAT,,wild reserve,FIVE_ISLAND_MEADOW,land,8 + game clear,20,,Gen 9 Sevii Reserve,evening deterministic slot 1
SPECIES_WOOLOO,,wild reserve,FIVE_ISLAND_MEADOW,land,8 + game clear,20,,Gen 9 Sevii Reserve,evening deterministic slot 2
SPECIES_WO_CHIEN,,wild reserve,FIVE_ISLAND_MEADOW,land,8 + game clear,10,,Gen 9 Sevii Reserve,evening deterministic slot 3
SPECIES_WURMPLE,,wild reserve,FIVE_ISLAND_MEADOW,land,8 + game clear,10,,Gen 9 Sevii Reserve,evening deterministic slot 4
SPECIES_WYNAUT,,wild reserve,FIVE_ISLAND_MEADOW,land,8 + game clear,10,,Gen 9 Sevii Reserve,evening deterministic slot 5
SPECIES_XERNEAS,,wild reserve,FIVE_ISLAND_MEADOW,land,8 + game clear,10,,Gen 9 Sevii Reserve,evening deterministic slot 6
SPECIES_XURKITREE,,wild reserve,FIVE_ISLAND_MEADOW,land,8 + game clear,5,,Gen 9 Sevii Reserve,evening deterministic slot 7
SPECIES_YAMASK,,wild reserve,FIVE_ISLAND_MEADOW,land,8 + game clear,5,,Gen 9 Sevii Reserve,evening deterministic slot 8
SPECIES_YUNGOOS,,wild reserve,FIVE_ISLAND_MEADOW,land,8 + game clear,4,,Gen 9 Sevii Reserve,evening deterministic slot 9
SPECIES_YVELTAL,,wild reserve,FIVE_ISLAND_MEADOW,land,8 + game clear,4,,Gen 9 Sevii Reserve,evening deterministic slot 10
SPECIES_ZACIAN,,wild reserve,FIVE_ISLAND_MEADOW,land,8 + game clear,1,,Gen 9 Sevii Reserve,evening deterministic slot 11
SPECIES_ZAMAZENTA,,wild reserve,FIVE_ISLAND_MEADOW,land,8 + game clear,1,,Gen 9 Sevii Reserve,evening deterministic slot 12
SPECIES_ZANGOOSE,,wild reserve,FIVE_ISLAND_MEADOW,land,8 + game clear,20,,Gen 9 Sevii Reserve,night deterministic slot 1
SPECIES_ZARUDE,,wild reserve,FIVE_ISLAND_MEADOW,land,8 + game clear,20,,Gen 9 Sevii Reserve,night deterministic slot 2
SPECIES_ZEKROM,,wild reserve,FIVE_ISLAND_MEADOW,land,8 + game clear,10,,Gen 9 Sevii Reserve,night deterministic slot 3
SPECIES_ZERAORA,,wild reserve,FIVE_ISLAND_MEADOW,land,8 + game clear,10,,Gen 9 Sevii Reserve,night deterministic slot 4
SPECIES_ZYGARDE,,wild reserve,FIVE_ISLAND_MEADOW,land,8 + game clear,10,,Gen 9 Sevii Reserve,night deterministic slot 5
